title,url,date,imageurl,description,autokwd,company,screenshot,tag,platform
Monster Hunter Wilds,https://store.playstation.com/ko-kr/concept/10005176,2025-02-28,https://image.api.playstation.com/vulcan/ap/rnd/202409/0506/22b81c7c1b280be4d2586529fc086646fd5d3912c95f74f8.png?w=1920,"예약하고 특전을 손에 넣자!

【PlayStation™Store 한정 예약 특전】
「Monster Hunter Wilds」를 PlayStation™Store에서 예약구매하신 분께 드리는 특전입니다.
●Monster Hunter Wilds 디지털 미니 아트북
※｢Monster Hunter Wilds 디지털 미니 아트북｣은 게임 본편과는 다른 애플리케이션입니다.

【한정 특전】
｢Monster Hunter Wilds｣를 예약구매하신 분께 드리는 특전입니다.
●헌터 덧입는 장비 '길드나이트' 시리즈
●호석 '희망의 호석'

※위에 적힌 특전 내용은 후일 별도로 입수할 수 있는 경우가 있습니다.


거칠고 치열한 자연의 습격.

시시각각 역동적으로 그 모습을 바꾸는 필드. 양면성을 지닌 세계를 살아가는 몬스터와 사람들의 이야기.

당신은 강력하고 거대한 몬스터를 사냥하는 것을 업으로 삼는 ""헌터""가 되어, 사냥을 통해 얻은 소재로 보다 더 강한 무기와 방어구를 제작하고, 그 세계와 사람들 사이의 관계를 풀어가야 한다.

더욱더 발전한 헌팅 액션과 끊임없는 몰입감을 추구하는 궁극의 사냥 체험이 당신을 기다리고 있다.

STORY
수년 전, 길드가 조사한 적이 없는 미지의 영역 「금지된 땅」과의 경계에서 「나타」라는 한 소년이 보호되었다.
의문의 몬스터의 습격으로부터 홀로 도망쳐 나온 그의 말을 단서로 길드는 조사대를 결정.
「하얀 그림자」라 불리는 몬스터의 조사와, 습격당한 수호자 일족의 구조를 임명 받은 헌터들 「조사대｣의 여정이 지금 시작된다.

A　LIVING WORLD / 살아 숨쉬는 세계
굶주린 몬스터가 무리 지어 다투는 가혹한 ｢황폐기｣와, ｢기상 이변｣을 통해 맞이하는 생명이 넘처 흐르는 ｢풍요기｣라는 양면성을 지니고 있어, 같은 장소에 있더라도 때에 따라 전혀 다른 모습을 보이게 된다.

MONSTERS / 몬스터
저마다 독특한 특징을 지닌 몬스터들이 등장. 각 특징을 살려 환경에 적응하고 있다.
「기상 이변」이 발생하면 그 생태계의 정점에 군림하는 강력한 몬스터까지 모습을 보인다.

HUNTING / 헌팅
다채로운 무기와 장비, 그리고 새로운 액션. 몬스터의 행동이나 환경을 이용한 사냥은 새로운 진화를 맞이한다.
신규 액션 「집중 모드」는 목표를 조준해 공격과 가드를 할 수 있다.
몬스터의 약점을 노리면 특별한 파생으로 이어져 큰 대미지를 줄 수 있다.

CHARACTERS / 등장인물
든든한 파트너와 조사대의 동료 등, 헌터의 사냥 생활을 돕는 존재가 다수 등장.",Monster Hunter Wilds,CAPCOM ASIA,https://image.api.playstation.com/vulcan/ap/rnd/202409/0506/22b81c7c1b280be4d2586529fc086646fd5d3912c95f74f8.png?w=1920,액션,playstation
Path of Exile 2 Founder's Pack - Path of Exile 2 Early Access,https://store.playstation.com/ko-kr/concept/10010602,2024-12-06,https://image.api.playstation.com/vulcan/ap/rnd/202405/2622/9456486248ee0da8213ff2a8a4fdd64ba6869eade81c1e35.jpg?w=1920,"패스 오브 엑자일 2는 2025년 말에 무료 플레이 타이틀로 출시될 예정입니다.
패스 오브 엑자일 2 얼리 액세스 서포터 팩에는 패스 오브 엑자일 2 얼리 액세스 권한과 300 포인트가 포함되어 있습니다.","Path of Exile 2 Founder's Pack - Path of Exile 2 Early Access,패스 오브 엑자일 2 파운더 팩 - 패스 오브 엑자일 2 얼리 액세스",GRINDING GEAR GAMES LIMITED,https://image.api.playstation.com/vulcan/ap/rnd/202405/2622/9456486248ee0da8213ff2a8a4fdd64ba6869eade81c1e35.jpg?w=1920,액션,playstation
Sid Meier's Civilization VII,https://store.playstation.com/ko-kr/concept/10003168,2025-02-11,https://image.api.playstation.com/vulcan/ap/rnd/202408/1517/f0aa45ecd218158b9d72efaa158ba843dfa95d24dd3a8c27.jpg?w=1920,"English/Chinese/Korean/Japanese Ver.

시드 마이어의 문명® VII 스탠다드 에디션을 예약 구매하고 테쿰세와 쇼니족 팩을 받으세요!* 테쿰세와 쇼니족 팩은 디럭스 및 파운더스 에디션에 포함되어 있습니다.

*예약 구매 혜택은 2025년 2월 11일까지 제공됩니다. 보너스 콘텐츠를 사용하려면 인터넷 연결이 필요합니다. 약관이 적용됩니다.


화려한 수상 경력을 가진 전략 게임 프랜차이즈가 새롭게 돌아옵니다. 시드 마이어의 문명® VII에서 세계 역사상 가장 위대한 제국을 세워보세요!

문명 VII에서 플레이어의 전략적 결정이 발전하는 제국의 고유한 문화적 계보를 결정합니다. 역사의 수많은 위대한 전설적인 지도자 중 한 명이 되어 통치하고 인류의 문명이 발전한 각 시대별 제국을 대표할 새로운 문명을 선택해 나만의 이야기를 만들어 나가세요.

도시와 경이로운 불가사의를 건설하여 영역을 확장하고, 기술 혁신으로 문명을 발전시키고, 저 멀리 숨겨진 미지의 세계를 탐험하면서 라이벌 문명을 정복하거나 그들과 협력하세요. 몰입도 높은 싱글 플레이로 번영을 추구하거나 온라인 멀티플레이에서 다른 사람들과 함께 플레이하세요.*

실제 역사적 사실을 기반으로 한 선택을 하거나 혹은 다른 가능성을 선택한 나만의 길을 개척하여 문명 VII에서 당신의 믿음을 실현하여 시대를 관통해 울려퍼질 유산을 창조하세요.

*온라인 플레이 및 기능(진행 보너스 포함)을 이용하려면 인터넷 연결과 2K 계정(최소 연령은 달라질 수 있음)이 필요합니다. 고대 및 대항해 시대에서는 최대 5명의 플레이어가 지원됩니다. 현대 시대에서는 최대 8명의 플레이어가 지원 됩니다. 콘솔 온라인 플레이를 이용하려면 별도의 유료 구독이 필요합니다. 특정 크로스 플레이 멀티 플레이어 게임에 지도 크기 제한이 적용될 수 있습니다. 자세한 내용은 여기(https://2kgam.es/Civ7FAQ)에서 확인하세요. 약관이 적용됩니다.","Sid Meier's Civilization VII,시드 마이어의 문명 VII",Take-Two,https://image.api.playstation.com/vulcan/ap/rnd/202408/1517/f0aa45ecd218158b9d72efaa158ba843dfa95d24dd3a8c27.jpg?w=1920,전략,playstation
Like a Dragon: Pirate Yakuza in Hawaii,https://store.playstation.com/ko-kr/concept/10011704,2025-02-21,https://image.api.playstation.com/vulcan/ap/rnd/202409/1801/ae6245b25fd3adffb9c4fd9e59d2284baf13029beea44763.png?w=1920,"「용과 같이8 외전 Pirates in Hawaii」의 디지털 버전을 예약하시면
시리즈 인기 캐릭터인 '카스가 이치반', '낸시'가 고로 해적단의 선원으로 추가되며,
카스가의 의상으로 갈아입을 수 있는 '카스가 이치반 크루 & 코디네이트 팩'이 예약 특전으로 증정됩니다.

수록 내용
・카스가 이치반 해적 크루 세트
선원 '카스가 이치반'
지원 부대 '낸시'

・카스가 이치반 코디네이트 세트
카스가 이치반 의상 셋업(용과 같이8)
카스가 이치반 의상 셋업(용과 같이7)

※2025년 2월 20일 23:59까지 예약 구매하시면 본 특전이 포함됩니다.
또한, '카스가 이치반 해적 크루 세트', '카스가 이치반 코디네이트 세트'는 예약 기간이 끝난 후 유료 판매될 예정입니다.
※'카스가 이치반 해적 크루 세트'는 본편 2장에서 주인공의 해적선 강화 이벤트 후에 수령할 수 있습니다.
※'카스가 이치반 코디네이트 세트'는 본편 2장의 코디네이트 요소 개방 이벤트 후에 수령할 수 있습니다.
※다운로드로 획득한 선원 및 코디네이트는 위업 챌린지 등의 달성 목표 항목에 포함되지 않으니 주의해 주십시오.


이미 해당 게임의 PS4® 버전을 보유하고 계신 경우, 추가 비용이나 해당 제품을 구매할 필요 없이 PS5® 디지털 버전을 보유하실 수 있습니다.

기억을 잃은 마지마 고로.
그가 드넓은 바다로 나서는 순간, 새로운 전설이 시작된다……

마지마 고로를 주인공으로 「용과 같이8」 이후의 세계를 그린 완전 신작.
이번 무대는 섬, 그리고… 바다!! 해적선 '고로마루'를 타고 드넓은 바다를 모험!
상쾌하고 새로운 배틀 액션은 물론, 파고들기 요소로 가득한 플레이 스폿도 건재.
호화 배우진이 연기하는 매력적인 신규 캐릭터에도 주목.

■일찍이 흉악무도한 야쿠자라 불리며 두려움을 샀던 마지마 고로가 잃어버린 기억과 보물을 찾아 드넓은 바다를 누빈다
밀레니엄 타워에서 키류와 함께 싸운 뒤 반년.
마지마 고로는 난파된 배의 잔해와 함께 어느 외딴섬의 모래사장에 떠밀려 온다.
자신의 이름조차 잊은 마지마는 잃어버린 기억의 단서를 찾기 위해, 목숨을 구해준 섬 소년 노아와 함께 광대한 바다로 나선다.
그러나 그곳은 전설의 보물을 둘러싸고 악당들이 눈을 번뜩이는 일촉즉발의 세계였는데――

■해적선 '고로마루'로 드넓은 바다를 모험
동료를 모으고 해적선을 커스터마이즈. 최강의 해적단을 꾸려 바다를 누비자!
적 해적선을 발견하면 포격과 함께 해전에 돌입.
대미지를 주며 적선에 접근한 뒤, 배에 직접 올라타 선장을 쓰러뜨려라!
강적을 물리치고, 보물섬을 찾아내, 보물을 손에 넣자.

■2종류의 스타일로 싸우는 진화한 배틀 액션
마지마의 대명사이자 속도감 넘치는 '광견' 스타일에 더해,
커틀러스 등의 다채로운 해적 도구를 활용하는 '파이리츠' 스타일이 새롭게 등장!
상황이나 취향에 맞게 2종류의 스타일을 구사하며 적을 격퇴하라!

※본 상품은 게임 본편 단품입니다. 게임 본편과 추가 콘텐츠가 포함된 세트 상품도 있습니다. 구매 시에는 중복 구매에 주의해 주십시오.

이미 해당 게임의 PS4® 버전을 보유하고 계신 경우, 추가 비용이나 해당 제품을 구매할 필요 없이 PS5® 디지털 버전을 보유하실 수 있습니다. PS4® 디스크 사본 소유자께서는 PS5® 디지털 버전을 플레이하실 때마다 해당 사본을 PS5®에 넣으셔야 합니다. PS4® 게임 디스크 보유자께서 PS5® 디지털 에디션 비 디스크 콘솔을 구매하시면 추가 비용 없이 PS5® 버전을 받으실 수 없습니다.","Like a Dragon: Pirate Yakuza in Hawaii,용과 같이8 외전 Pirates in Hawaii",SEGA CORPORATION,https://image.api.playstation.com/vulcan/ap/rnd/202409/1801/ae6245b25fd3adffb9c4fd9e59d2284baf13029beea44763.png?w=1920,"어드벤처, 액션",playstation
MLB The Show™ 25,https://store.playstation.com/ko-kr/concept/10011213,2025-03-18,https://image.api.playstation.com/vulcan/ap/rnd/202502/0320/f6cb3df7cc25ac18268d5b153252971c5b4889b9d2042474.jpg?w=1920,"예약주문하고 골드 초이스 팩을 획득하세요


에디션 구성품:
- MLB®™ The Show 25
- The Show 팩 5개

직접 만들어 가는 최고의 야구 여정, MLB® The Show™ 25에서 야구의 꿈을 펼쳐 보세요.

고등학교 선수 시절부터 명예의 전당까지, 열정에 불을 지피고 위대한 선수로 성장하기 위한 나만의 길을 달리세요! 여정 중 새로운 게임플레이 방식이 적용된 호평을 받은 모드에서 야구를 대표하는 스타들과 소통해 보세요. 심혈을 기울여 제작된 이 시리즈는 다양한 게임플레이와 더욱 빠른 몰입을 위한 편의성 개선 기능을 탑재했습니다.

Road to The Show:
- Amateur Years에서 고교 및 대학 야구를 경험하며 RTTS 여정을 시작하세요.
- 원하는 방식으로, 내가 원하는 RTTS 선수를 육성해 보세요. 원하는 Perk를 제작하고 강화된 능력 개발 시스템을 활용하여 선수를 발전시키세요.

Franchise/March to October:
- 경기의 매 순간을 즐기거나, 개선된 Trade Logic 및 Defensive WAR가 적용된 중요한 순간을 선택할 수 있습니다.

확장된 Diamond Dynasty 그 이상 1:
- Diamond Dynasty: 360에서 플레이어 카드를 획득하고 수집하여 시즌 제약 없이 나만의 라인업을 구성하세요.
- 스쿼드와 함께 Diamond Quest를 플레이해 보세요! Diamond Quest는 새롭게 선보이는 로그라이크 게임 모드로, 게임 이벤트와 보스전 등을 통한 보상이 지급됩니다.

게임플레이 개선 및 확장:
- 모든 모드에서 흥미롭고 새로운 게임플레이 경험: 다양하고 새로운 RTTS Impact Play, 궁극의 도전 을 위한 G.O.A.T 난이도, 플레이트에서 더욱 사실적인 ""공격 전략""을 위한 완전히 새로운 Ambush Hitting, 더욱 빨라진 온라인 게임플레이, 수백 가지의 새로운 애니메이션을 통한 극한의 현실감 등 다양한 기능을 선사합니다!

시각적 개선 사항:
- PS5® 콘솔에서 플레이 시 뛰어난 고해상도 경험이 가능합니다. 새롭게 적용한 흙과 풀의 질감이, 실시간 물리 효과와 결합하여 놀라운 수준의 디테일을 제공합니다.

Storylines: 전설적인 야구 선수들과 이들의 놀라운 이야기를 확인하며 Storylines에서 역사를 기념하세요.

""최고""가 지금 ""더"" 좋아졌습니다:
- 금속 배트, 체인 링크 펜스 등 현실적인 고교 및 대학 야구의 사운드를 감상하세요. ShowTech™로 구현한 3D Crowd Audio2와 팬들의 응원이 적용된 경기장 소리도 함께 즐기세요.",MLB The Show™ 25,Sony Interactive Entertainment,https://image.api.playstation.com/vulcan/ap/rnd/202502/0320/f6cb3df7cc25ac18268d5b153252971c5b4889b9d2042474.jpg?w=1920,스포츠,playstation
Assassin’s Creed Shadows,https://store.playstation.com/ko-kr/concept/10009909,2025-03-20,https://image.api.playstation.com/vulcan/ap/rnd/202404/1815/32504927f5eb4958e5043390992e3d78ce3be9a0f83e5c62.jpg?w=1920,"센고쿠 시대의 일본을 무대로 한 장대한 역사 액션 어드벤처를 체험하세요! 혼란스러운 시기를 담은 아름다운 오픈 월드를 탐험하며, 치명적인 시노비 암살자와 강력한 사무라이로 거듭나게 됩니다. 뜻밖에 동료가 된 두 캐릭터 사이를 매끄럽게 넘나들며 공동의 운명을 발견하세요. 상호 보완적인 플레이스타일을 익히고, 시노비 결사단을 조직하고, 은신처를 구축하면서, 일본의 새로운 시대를 열어가야 합니다.

- 화려한 성이 자리잡은 도시 및 번화한 항구부터 평화로운 신사와 전쟁으로 황폐해진 풍경까지, 센고쿠 시대 일본의 매력적인 오픈 월드를 탐험하세요. 예측할 수 없는 날씨, 변화하는 계절, 유동적인 주변 환경 속에서 더욱 생생한 모험이 펼쳐집니다.
- 시노비 암살자 나오에와 독특한 이력을 지닌 사무라이 야스케가 되어, 흥미진진한 스토리를 경험하고 상호 보완적인 플레이스타일을 익히세요. 나오에가 되어 은신 능력으로 수색을 피하고, 민첩하게 움직여 적을 교란할 수 있고, 야스케는 적에게 정밀하면서도 강력한 일격을 가합니다. 신규 스킬과 장비, 그리고 각 캐릭터의 독립적인 진행도를 잠금 해제하세요.
- 게임 속 세계를 탐험하며 정보를 무기로 활용하고, 곳곳에서 눈과 귀가 되어 다음 표적을 추적하는 데 도움이 될 첩자들로 정보망을 구축하세요. 그 과정에서 특별한 능력을 갖춘 새 동료를 영입해 임무를 완수해야 합니다.
- 점점 더 커지는 시노비 결사단을 위해 취향대로 꾸밀 수 있는 은신처를 마련하세요. 그곳에서 단원을 훈련하고, 새로운 장비를 제작하고, 주요 인물과 상호작용하고, 은신처의 배치와 장식, 장신구 등을 선택할 수 있습니다.","Assassin’s Creed Shadows,어쌔신 크리드 섀도우스",UBISOFT,https://image.api.playstation.com/vulcan/ap/rnd/202404/1815/32504927f5eb4958e5043390992e3d78ce3be9a0f83e5c62.jpg?w=1920,롤플레잉 게임,playstation
WWE 2K25 Standard Edition,https://store.playstation.com/ko-kr/concept/10010684,2025-03-14,https://image.api.playstation.com/vulcan/ap/rnd/202501/1700/e7853124517f9f96af27a59a5a11a5af003e69becd9389b5.jpg?w=1920,"지금 예약 구매하고 Wyatt Sicks 팩을 받으세요.* 출시를 기다리는 동안 플레이할 WWE 2K24 스탠다드 에디션(디지털 버전)도 제공됩니다!**

Wyatt Sicks 팩 포함 항목:
•MyFACTION 페르소나 카드:
-Uncle Howdy
-Dexter Lumis
-Nikki Cross
-Joe Gacy
-Erick Rowan
•The Island 코스메틱(PS5®만 해당):
-Uncle Howdy 마스크
-Nikki Cross 마스크

*예약 구매 보너스는 2025년 3월 13일까지 제공됩니다. Uncle Howdy 마스크 코스메틱과 Nikki Cross 마스크 코스메틱은 WWE 2K25 PS5® 버전에서만 제공됩니다. 아이템은 게임 속에서 자동으로 지급됩니다. Wyatt Sicks 팩은 Deadman과 Bloodline 에디션을 제공합니다. 약관이 적용됩니다.

**예약 구매 보너스 혜택은 2025년 3월 13일까지 제공됩니다. WWE 2K24 디지털 카피는 WWE 2K25를 예약 구매하는 데 사용한 플랫폼 계정에 자동으로 지급되며, 예약 구매 후 24시간 동안 다운로드할 수 있습니다. 혜택은 양도가 불가능하며, 동일한 플랫폼에 이미 WWE 2K24를 보유하고 있는 플랫폼 계정에는 제공되지 않습니다. 예약 구매를 취소할 경우 플랫폼 계정에서 WWE 2K24 디지털 사본이 제거됩니다. 약관이 적용됩니다.


링 너머까지 지배하라
PS5®에서 프랜차이즈 사상 최초로 링 밖으로 나가 거대한 아레나와 챌린지 라이브 이벤트로 가득한 몰입형 WWE 테마 세계, The Island에 들어서세요. 여러 스토리라인 챕터를 통해 MySUPERSTAR를 업그레이드하고 커스터마이징하며 'Original Tribal Chief' Roman Reigns와 함께 싸워 Bloodline에 들어가세요.

2K 쇼케이스: Bloodline 왕조
'Wiseman' Paul Heyman이 호스트하는 새로운 쇼케이스는 레슬링 역사상 가장 유구한 역사를 자랑하는 가문 중 하나를 찬양합니다. Bloodline과 WWE 슈퍼스타 및 레전드 사이의 전설적인 쇼다운과 드림 매치를 다시 경험하세요.


더욱 방대해진 게임플레이
수많은 팬들의 기대를 받아온 혼성 레슬링이 드디어 WWE 2K 프랜차이즈에 찾아옵니다! 또한 다시 돌아온 체인 레슬링, Underground와 Bloodline Rules 매치 유형, 바리케이드 다이빙 등 기능이 추가로 제공됩니다.


세계적인 무대로 나아가는 MyGM
이제 온라인 멀티플레이 기능을 제공하는 MyGM으로 어디서나 플레이하세요. WWE 슈퍼스타와 레전드를 쇼 로스터에 드래프트하여 여러 주에 걸쳐 진행되는 시즌에서 나만의 브랜드를 이끌어 보세요.


내가 만들어가는 나만의 유니버스
새로운 컷신이 포함된 해설진 중심의 프로모, 여러 가능성을 품은 선택지, 다양한 결과 등 새로운 업그레이드를 통해 내 유니버스 경험을 더 세밀하게 컨트롤하세요.


통합 MyRISE
하나의 혼성 MyRISE 스토리라인에서 여성 디비전과 남성 디비전의 Superstar를 컨트롤하세요. Bayley, Kevin Owens 등 슈퍼스타들이 WWE 유니버스 전체를 점령하기 위해 NXT에 침투합니다. 새로운 격투 환경과 잠금 해제할 수 있는 아레나와 캐릭터, 그리고 Jey Uso, Bianca Belair 등 WWE 슈퍼스타가 함께하는 새로운 동맹 스토리라인을 경험해 보세요.


세대를 아우르는 로스터
WWE 2K25는 현역 슈퍼스타와 레전드, 명예의 전당 선수로 이뤄진 독보적인 라인업을 제공합니다. 여러 세대를 아우르는 이 로스터에는 Seth 'Freakin' Rollins, Undertaker, 'American Nightmare' Cody Rhodes, CM Punk, Jade Cargill 등 300명이 넘는 선수가 포함되어 있습니다.","WWE 2K25 Standard Edition,WWE 2K25 스탠다드 에디션",Take-Two,https://image.api.playstation.com/vulcan/ap/rnd/202501/1700/e7853124517f9f96af27a59a5a11a5af003e69becd9389b5.jpg?w=1920,스포츠,playstation
The First Berserker: Khazan Standard Edition,https://store.playstation.com/ko-kr/concept/10009937,2025-03-28,https://image.api.playstation.com/vulcan/ap/rnd/202406/2604/26b6638c4ca10273ea29a28082bd2974b64f722dc2b4e216.png?w=1920,"[사전 구매 한정 특전]
[The First Berserker: Khazan]을 예약구매 하신 분들에 드리는 특전은 다음과 같습니다.

1. 몰락한 별의 방어구 세트
・몰락한 별의 결의
・몰락한 별의 낙인
・몰락한 별의 상흔
・몰락한 별의 낡은 옷
・몰락한 별의 족쇄

※ 몰락한 별의 방어구 세트는 예약구매자 한정으로 획득 가능하며, 이후 별도로 입수할 수 없습니다.
※ 본 방어구 세트는 카잔이 반역 누명을 쓰고 설산으로 추방될 때의 형상을 띈 방어구 세트이며, 치장용으로 활용 가능합니다. 또한, 강화 및 옵션 변경도 가능하여 지속 사용 가능한 장비입니다.
※ 몰락한 별의 방어구 세트 특전은 미션 2 클리어 후 진입할 수 있는 ""경계의 틈""에 배치된 ""특전 지급 상자""에서 받을 수 있습니다.
※ 이용하려면 최신 버전으로 업데이트가 필요한 경우가 있습니다.


""The First Berserker: Khazan은 전 세계적으로 8억 명 이상의 플레이어를 보유한 넥슨의 대표 IP, Dungeon Fighter Online (DnF) 세계관을 기반으로 한 하드코어 액션 RPG입니다. DnF의 시점으로부터 약 800년 전, 아라드 대륙을 배경으로 최초의 버서커인 카잔의 이야기를 그립니다. 플레이어는 정교한 액션과 전략적인 전투를 통해 카잔의 전설을 직접 체험할 수 있습니다.

[게임 소개]
1. 극한의 보스 전투와 액션의 쾌감
DnF의 정수를 이어받은 화려한 핵앤슬래시 스타일 전투와 함께 하드코어한 난이도가 만나 더욱 정교하고 강렬한 액션성을 제공합니다. 도전적인 난이도의 보스 전투는 긴장감과 성취감을 극대화하며, 스릴 넘치는 전투 경험을 선사합니다.
2. 처절한 복수 서사
펠 로스 제국력 89년, 대장군 카잔은 반역자로 몰려 설산으로 추방됩니다. 플레이어는 죽음의 위기에서 살아남은 카잔이 복수를 위해 떠나는 여정을 따라갑니다. 음모를 파헤치고 전투 기술을 되살려 제국의 진실을 밝혀내며 카잔의 성장을 직접 느껴보세요.
3. 3D 셀 애니메이션 그래픽
언리얼 엔진으로 구현된 3D 셀 애니메이션 스타일은 한 편의 애니메이션을 보는 듯한 화려한 비주얼을 제공합니다. 독특한 만화적인 비주얼과 현실적인 질감이 믹스된 아트 스타일로 다시 태어난 아라드 대륙을 생생하게 체험해보세요.

[게임 콘텐츠 소개]
1. 다채로운 아이템 파밍과 성장 시스템
카잔은 도부쌍수, 장창, 대검 등 다양한 무기를 능숙히 다룹니다. 플레이어는 이러한 무기와 다양한 방어구를 수집하고 강화하며, 세트 아이템 파밍을 통해 자신만의 전투 스타일을 완성할 수 있습니다.
2. 무궁무진한 스킬 조합
각 무기 별 수십가지의 스킬을 적절히 조합해 독창적인 전투 스타일을 개발할 수 있습니다. 단순한 공격과 방어를 넘어 전략적이고 창의적인 플레이를 경험하세요.

The First Berserker: Khazan은 하드코어 액션 RPG와 몰입감 있는 서사를 찾는 모든 플레이어를 위한 궁극적인 경험을 제공합니다. 카잔의 여정을 통해 역경을 극복하고 전설적인 버서커의 이야기를 완성해 보세요.",The First Berserker: Khazan Standard Edition,NEXON,https://image.api.playstation.com/vulcan/ap/rnd/202406/2604/26b6638c4ca10273ea29a28082bd2974b64f722dc2b4e216.png?w=1920,롤플레잉 게임,playstation
DOOM: The Dark Ages,https://store.playstation.com/ko-kr/concept/10009984,2025-05-15,https://image.api.playstation.com/vulcan/ap/rnd/202501/1405/b940bcd6be1b8c7980f750abbd62c9bf63fc51f5d49b61f9.jpg?w=1920,"지금 예약 주문하고 출시일에 공허 둠 슬레이어 스킨을 받아 보세요.


슬레이어가 되어 지옥을 상대로 중세 전쟁을 벌여라
DOOM: The Dark Ages는 비평가들의 찬사를 받은 DOOM(2016)과 DOOM Eternal의 프리퀄로, 둠 슬레이어의 분노가 어떻게 탄생했는지 알 수 있는 이야기가 장대한 시네마틱으로 펼쳐집니다. 이 모던 DOOM 시리즈의 세 번째 작품에서 플레이어들은 둠 슬레이어의 피로 얼룩진 여정을 떠나 지옥을 상대로 이제껏 한 번도 본 적 없는 어둡고 사악한 중세 전쟁을 벌이게 됩니다.

모두를 위한 DOOM
최신 idTech 엔진으로 제작된 다크 판타지/SF 싱글 플레이어 게임에서 독보적인 DOOM 프랜차이즈의 화끈한 전투와 압도적인 그래픽을 만나 보세요. 맞춤형 난이도 시스템 덕분에 프랜차이즈의 오랜 팬이든 신규 플레이어든 누구나 즐기기 좋습니다.

지옥을 지배하라
신과 왕들의 결전 병기가 되어 슈퍼 샷건과 같은 가공할 위력의 무기로 적들을 찢고, 다목적 병기인 방패 톱을 포함해 적들을 뼈까지 갈아 마셔 버릴 다양한 신규 무기를 사용해 보세요. 플레이어들은 오리지널 DOOM 시리즈 특유의 지상에서 펼쳐지는 무자비한 전투를 통해 악마로 득실대는 전장을 헤쳐 나가게 됩니다.

분노의 근원
시네마틱과 액션으로 가득 찬 이야기를 통해 둠 슬레이어의 분노가 어떻게 탄생했는지 확인해 보세요. 신과 왕들의 결전 병기라는 굴레에 속박된 둠 슬레이어는 악마들의 대장이 슬레이어를 없애고 자신이 유일한 공포의 대상으로 등극하기 위해 보낸 수많은 악마 무리를 상대하게 됩니다. 슬레이어가 지옥의 모든 적과 맞서 싸우고 전쟁의 흐름을 바꿔 전설이 되는 과정을 직접 확인하세요.

미지의 영역을 발견하라
슬레이어는 지옥의 군단을 박살 내기 위한 여정을 떠나, 이제껏 보지 못한 영역에서 전투를 치러야만 합니다. 황폐해진 성, 장대한 전장, 어두운 숲, 고대 지옥과 그 너머 다양한 장소에 각종 수수께끼와 챌린지, 그리고 보상이 기다리고 있습니다. 잔인하리만치 강력한 방패 톱으로 무장하고, id Software 역사상 가장 광대하며 위협과 비밀로 가득한 어둠의 세계를 헤쳐 나가세요.",DOOM: The Dark Ages,Bethesda Softworks,https://image.api.playstation.com/vulcan/ap/rnd/202501/1405/b940bcd6be1b8c7980f750abbd62c9bf63fc51f5d49b61f9.jpg?w=1920,슈팅,playstation
Capcom Fighting Collection 2,https://store.playstation.com/ko-kr/concept/10008958,2025-05-16,https://image.api.playstation.com/vulcan/ap/rnd/202408/2002/dcfbf73970ff80d0ebe7357fb00559fa4d4f05bab3f7251a.png?w=1920,"예약 특전

「Capcom Fighting Collection 2」의 MUSEUM 모드에 사운드 트랙 2곡이 추가되는 콘텐츠입니다.
캡콤의 사운드 팀 공식 밴드인 「CAP-JAMS」가 자신있게 선보이는 사운드를 즐겨보세요!

■수록 내용
【MUSEUM】 모드 속 메뉴 「SOUND」에서 아래 타이틀의 항목으로 추가됩니다.

・Soy Sauce for Geese - Arranged by CAP-JAMS:
Capcom vs. SNK: Millennium Fight 2000 Pro

・Rival Schools Medley - Arranged by CAP-JAMS:
Project Justice

※게임 플레이 중의 BGM으로는 사용할 수 없습니다.


「CAPCOM FIGHTING COLLECTION」시리즈 제2탄!

「Capcom vs. SNK 2: Mark of the Millennium 2001」, 「Project Justice」 등의 격투 타이틀에 더해 3D 대전 액션 「Power Stone」, 「Power Stone 2」 등 굴지의 명작 총 8 타이틀을 수록!

물론 모든 타이틀에서 온라인 대전 및 협력 전투가 가능!

그 때 그 시절 모두가 뜨겁게 달아올랐던 드림 매치가 지금 다시 개막된다!
당시의 라이벌들과 함께 마음가는 대로 즐겨라!

■쾌적한 네트워크 대전!
랭크 매치에서 진검 승부를 하기, 캐주얼 매치에서 간편하게 대전하기, 로비를 만들어 친구들과 모여서 대전하기&협력 플레이 하기&관전하기 등등, 다양한 스타일로 플레이가 가능합니다.
롤백 넷코드를 채용한 쾌적한 온라인 환경에서 플레이하세요!
대전 뿐만 아니라 자신의 한계에 도전하는 「하이 스코어 챌린지」 모드도 탑재. 전 세계의 플레이어와 점수를 겨뤄보세요.

■처음으로 플레이하는 경우에도 안심할 수 있는 다양한 기능을 구현!
난이도 변경, 원버튼 필살기, 만족할 때까지 연습할 수 있는 트레이닝 모드 등, 초보자가 유용하게 활용할 수 있는 다양한 기능을 탑재하였습니다.
또한 어디서든 저장, 로드가 가능해 언제든지 게임을 다시 시작할 수 있습니다!

■보너스 콘텐츠도 충실!
8 타이틀을 대상으로 총 700점 이상의 일러스트, 제작 현장을 엿볼 수 있는 개발 자료를 수록! 처음으로 공개되는 자료들도 포함되어 있습니다.
또한 각 타이틀의 아케이드 오리지널 버전의 악곡 음원을 300곡 이상 시청할 수도 있습니다!

■수록 타이틀(게임 안에서 일본어 버전과 영어 버전을 선택 가능)
Capcom vs. SNK: Millennium Fight 2000 Pro
Capcom vs. SNK 2: Mark of the Millennium 2001
Capcom Fighting Evolution
Street Fighter Alpha 3 UPPER
Power Stone
Power Stone 2
Project Justice
Plasma Sword: Nightmare of Bilstein",Capcom Fighting Collection 2,CAPCOM ASIA,https://image.api.playstation.com/vulcan/ap/rnd/202408/2002/dcfbf73970ff80d0ebe7357fb00559fa4d4f05bab3f7251a.png?w=1920,격투,playstation
BLEACH Rebirth of Souls,https://store.playstation.com/ko-kr/concept/10001710,2025-03-21,https://image.api.playstation.com/vulcan/ap/rnd/202410/0203/f561da71537385359810504e42aa0b6daecca10528e11f16.jpg?w=1920,"【예약 구매 특전】
천년혈전 편 의상 세트: 히츠가야 토시로&시호인 요루이치

※내용 및 사양은 예고 없이 변경될 수 있습니다.
※특전은 추후 유료 또는 무료로 재배포될 수 있습니다.


본 제품을 소지한 고객님께서는 해당 게임의 디지털 PS4 버전과 디지털 PS5 버전 모두를 보유하실 수 있습니다.

※본 상품은 「일반판」입니다. 본 상품 외에 「디럭스 에디션」, 「얼티밋 에디션」도 판매 중입니다. 중복 구매에 주의하십시오.

플레이어블 캐릭터 전원이 각성하고 극한의 상황을 뒤집어 역전하는
『BLEACH』의 ""일격필살"" 드라마틱 대전 액션을 체감하라!

■개성적인 “검극 액션”
『BLEACH』다운 개성적인 참백도와 참권주귀를 활용한 스타일리시한 수싸움.
추가로 캐릭터 고유의 강화 액션을 구사해 상대의 배틀 스타일을 무너뜨리고 베어버려라!

■박력 넘치는 ""일격필살 액션""
캐릭터의 특징을 활용하여 상대와의 거리를 파악하고 수싸움을 제압해서, 상대의 목숨을 깎아내 승패를 결정짓는 드라마틱한 일격필살 액션을 채용.

■""각성""으로 대폭 파워 업&""역전 체험""
캐릭터는 각각 각성(시해/만해/레스렉시온 등)하면, 액션이 진화하고 일격의 파워가 상승한다.
절체절명의 위기에서도 필살의 일격으로 상황을 뒤집는, 마지막 순간까지 방심할 수 없는 역전 액션!

■『BLEACH』의 이야기를 처음부터 체험할 수 있는 스토리 모드
「MAIN STORY」에서는 한 소년, 쿠로사키 이치고가 ""사신""이 되는 ""사신 대행 편""부터, 아이젠 소스케가 이끄는 ""아란칼""과의 격투를 그린 ""아란칼 편""까지 이어지는 『BLEACH』의 이야기를 체험.
또한, 「MAIN STORY」에서는 다뤄지지 않은 각 캐릭터들의 이야기를 그리는 본작 오리지널 「SECRET STORY」도 수록.
각 캐릭터의 개성이 형성된 과거 에피소드도 포함하여 본편의 뒷면에서 펼쳐진 이야기를 즐기실 수 있습니다.

이미 해당 게임의 PS4 버전을 보유하고 계신 경우, 추가 비용이나 해당 제품을 구매할 필요 없이 PS5 디지털 버전을 보유하실 수 있습니다. PS4 디스크 사본 소유자께서는 PS5 디지털 버전을 플레이하실 때마다 해당 사본을 PS5 에 넣으셔야 합니다. PS4 게임 디스크 보유자께서 PS5 디지털 에디션 비 디스크 콘솔을 구매하시면 추가 비용 없이 PS5 버전을 받으실 수 없습니다.","BLEACH Rebirth of Souls,BLEACH 리버스 오브 소울즈",Bandai Namco Entertainment Inc.,https://image.api.playstation.com/vulcan/ap/rnd/202410/0203/f561da71537385359810504e42aa0b6daecca10528e11f16.jpg?w=1920,"격투, 액션",playstation
PGA TOUR 2K25,https://store.playstation.com/ko-kr/concept/10008972,2025-02-28,https://image.api.playstation.com/vulcan/ap/rnd/202412/1901/c75d7d778e6aa56e0fddb80ba6cd901e9982476c60cd33bb.png?w=1920,"PGA TOUR 2K25 스탠다드 에디션을 예약 구매*하고 '제법 훌륭한 골퍼' 역할에서 이제 플레이 가능한 캐릭터로 거듭난 Chris McDonald를 제공하는 엑스트라 버터 X 아디다스 팩을 받으세요. 모자와 재킷, 신발, 세 가지 스타일리시한 코스메틱을 제공합니다.


또한 예약 구매 시 새 버전이 출시되길 기다리는 동안 게임을 플레이할 수 있도록 PGA TOUR 2K23 스탠다드 에디션이 제공됩니다.**

*예약 구매 보너스 혜택은 2025년 2월 27일까지 제공됩니다. PGA TOUR 2K25 스탠다드 에디션을 예약 구매하고 엑스트라 버터 X 아디다스 팩을 받으세요. 약관이 적용됩니다.

**2025년 2월 27일까지 PGA TOUR 2K25를 예약 구매하고, 동일한 플랫폼의 PGA TOUR 2K23 스탠다드 에디션 디지털 사본을 받으세요. PGA TOUR 2K23의 디지털 사본은 자동으로 제공되며, 예약 구매 후 24시간 동안 다운로드할 수 있습니다. PGA TOUR 2K23은 PGA TOUR 2K25를 예약 구매하는 데 사용한 플랫폼 계정으로 다운로드해야 하며, 양도할 수 없습니다. 혜택은 동일한 플랫폼에 이미 PGA TOUR 2K23을 보유한 계정에는 제공되지 않습니다. 예약 구매를 취소하면 계정에서 PGA TOUR 2K23가 제거됩니다. 약관이 적용됩니다.


PGA TOUR 2K25 스탠다드 에디션을 예약 구매하고 '제법 훌륭한 골퍼' 역할에서 이제 플레이 가능한 캐릭터로 거듭난 Chris McDonald를 제공하는 엑스트라 버터 X 아디다스 팩을 받으세요. 모자와 재킷, 신발, 세 가지 스타일리시한 코스메틱을 제공합니다.*

또한 예약 구매 시 PGA TOUR 2K23 스탠다드 에디션(디지털 버전)도 제공되므로 새 버전이 출시되길 기다리는 동안 게임을 플레이할 수 있습니다.**

실감 나는 게임 플레이
새로운 에보 스윙 메커니즘을 통해 새로운 샷 유형과 볼의 비행, 공이 굴러가는 물리 시뮬레이션, 더욱 향상된 비주얼을 즐겨 보세요.


메이저 토너먼트 참여
U.S. 오픈 챔피언, 오픈 챔피언십, PGA 챔피언십이 2K에 데뷔합니다.


내 방식대로 즐기는 MyCAREER와 MyPLAYER
그 어느 때보다 실감 나는 MyCAREER와 다양한 MyPLAYER 경험을 통해 가장 나다운 모습으로 게임을 즐기세요.


그 어느 때보다 멋진 모습으로 다시 돌아온 시즌
장비 레벨 진행 내역, 랭크 리더보드 초기화, 정기 콘텐츠 업데이트 등으로 더욱 강력해졌습니다. 나만의 속도로 플레이하세요. 새로운 시즌이 시작된 후에도 지난 시즌을 계속 플레이할 수 있습니다.


클럽을 쥐고 친구와 함께 필드로 나서세요
스트로크 플레이, 토너먼트 등 다양한 멀티플레이어 매치 유형을 경험해 보세요. 크로스 플랫폼 기능을 사용하여 친구에게 도전하세요.


내 안에 잠자는 코스 설계자를 깨워보세요
코스 디자이너에서 새로운 물체와 카메라 등을 사용하여 나만의 드림 코스를 만들어 보세요.


지금 티타임을 예약하세요.

*예약 구매 보너스 혜택은 2025년 2월 27일까지 제공됩니다. PGA TOUR 2K25 스탠다드 에디션을 예약 구매하고 엑스트라 버터 X 아디다스 팩을 받으세요. 약관이 적용됩니다.

**2025년 2월 27일까지 PGA TOUR 2K25를 예약 구매하고, 동일한 플랫폼의 PGA TOUR 2K23 스탠다드 에디션 디지털 사본을 받으세요. PGA TOUR 2K23의 디지털 사본은 자동으로 제공되며, 예약 구매 후 24시간 동안 다운로드할 수 있습니다. PGA TOUR 2K23은 PGA TOUR 2K25를 예약 구매하는 데 사용한 플랫폼 계정으로 다운로드해야 하며, 양도할 수 없습니다. 혜택은 동일한 플랫폼에 이미 PGA TOUR 2K23을 보유한 계정에는 제공되지 않습니다. 예약 구매를 취소하면 플랫폼 계정에서 PGA TOUR 2K23가 제거됩니다. 약관이 적용됩니다.",PGA TOUR 2K25,Take-Two,https://image.api.playstation.com/vulcan/ap/rnd/202412/1901/c75d7d778e6aa56e0fddb80ba6cd901e9982476c60cd33bb.png?w=1920,스포츠,playstation
Clair Obscur: Expedition 33,https://store.playstation.com/ko-kr/concept/10008503,2025-04-24,https://image.api.playstation.com/vulcan/ap/rnd/202406/0917/96d5b955f3833beb4e0be99c8699fa0abe83b81e2eb2a59e.jpg?w=1920,"""해가 지날 때마다, 우리는 지워진다.""

일 년에 한 번씩, 페인트리스는 잠에서 깨어나 거석 위에 저주받은 숫자를 적습니다. 그러면 페인트리스가 그린 숫자와 나이가 같은 모든 사람이 연기로 변해 사라져 버립니다. 해가 지날 때마다 그 숫자는 줄어들고, 더 많은 사람들의 존재가 지워집니다. 내일이면 그녀가 다시 깨어나 숫자 ""33""을 그릴 겁니다. 그리고 내일이면 우리는 페인트리스를 처치하는 최후의 임무를 수행하러 떠납니다. 그녀가 다시는 죽음을 그리지 못하게 할 겁니다.

우리는 33 원정대입니다.

클레르 옵스퀴르: 33 원정대는 독특한 실시간 메커니즘이 가미된 혁신적인 턴제 RPG로, 그 어느 때보다 몰입도 높고 스릴 넘치는 전투를 경험할 수 있습니다. 벨 에포크 시대의 프랑스에서 영감을 받은 판타지 세계를 탐험하며 무시무시한 적들과 맞서 싸우세요.

반응형 턴제 전투
새롭게 진화한 JRPG의 정수를 보여주는 이 게임에서는 실시간 액션이 턴제 전투의 핵심적인 재미를 보강해 줍니다. 장비, 능력치, 기술, 캐릭터 시너지 효과를 활용하여 나만의 플레이스타일에 맞춘 고유한 원정대원 빌드를 구성하세요. 전투에서는 실시간 회피와 쳐내기, 카운터 등으로 적극적인 공세를 펼치고, 공격 리듬에 숙달하여 연쇄 콤보를 쌓고, 자유 조준 시스템을 이용해서 적의 약점을 직접 공략하세요.

""내일은 온다.""
시간이 단 일 년 밖에 남지 않은 상황에서 구스타브와 마엘, 동료 원정대원들을 이끌고 페인트리스의 죽음의 굴레를 끊어내기 위한 필사적인 여정에 오르세요. 이전 원정대의 흔적을 따라가며 그들이 맞이한 운명을 알아내세요. 불가능한 역경에 맞서 함께 싸우는 33 원정대의 원정대원들과 조금씩 가까워지세요.

아찔하리만큼 아름다운 세계
초현실적인 적들이 배회하는 매혹적인 세계를 탐험하세요. 비사주의 섬부터 잊힌 전장까지, 숨 막히게 아름다운 풍경 속을 거닐며 수많은 비밀과 숨겨진 임무를 찾아내세요. 전설 속 존재들을 동료로 맞이하세요. 특별한 친구를 만나 새로운 이동 수단을 확보하고, 세계 지도 속 비밀 지역을 발견해 보세요.

언리얼 엔진 5의 경이로운 그래픽으로 구현되고 가슴 시린 사운드트랙이 함께하는 Sandfall Interactive의 놀라운 데뷔 게임을 경험해 보세요.","Clair Obscur: Expedition 33,클레르 옵스퀴르: 33 원정대",Kepler Interactive Limited,https://image.api.playstation.com/vulcan/ap/rnd/202406/0917/96d5b955f3833beb4e0be99c8699fa0abe83b81e2eb2a59e.jpg?w=1920,롤플레잉 게임,playstation
Big Helmet Heroes,https://store.playstation.com/ko-kr/concept/10009721,2025-02-07,https://image.api.playstation.com/vulcan/ap/rnd/202411/2912/c8ab33992615fdc56e13a2444e4c0fa1ee9f7bdc2099ed81.jpg?w=1920,"전투와 모험을 결합한 유쾌한 3D 비뎀업 게임이 찾아옵니다. 환상 속 왕국에 숨어 있는 귀여운 29명의 영웅을 찾고 좋아하는 영웅을 골라 공주를 구하는 여정을 떠나세요. 혼자 플레이하거나, 친구와 함께 플레이하며 앞을 가로막는 강력한 도전을 극복해 보세요!

● 멋지고 사랑스러운 영웅: 네 종류의 강력한 전투 스타일 중 하나를 익히고, 고유 능력을 지닌 29명의 영웅이 등장합니다. 전부 찾아 보세요!

● 유쾌한 전투: 고블린 무리와 무시무시한 보스를 상대하세요. 주변 환경을 유리하게 사용하며 기발한 무기를 휘둘러 적을 물리치세요!

● 상상력 넘치는 방대한 세계: 중세 판타지부터 미아, 해적, 매력적이지만 무시무시한 유니콘이 가득한 영역 등 놀라움 가득한 레벨을 탐험하세요!

● 로컬 협력 모드: 친구와 힘을 합쳐 적을 물리치고 전략을 세우며 혼란이 가득한 전장을 즐기세요.

● 모두가 만족하는 도전: 시작하기는 쉽지만, 익숙해질수록, 대담하게 플레이할수록 까다로운 전략을 요구합니다.",Big Helmet Heroes,Dear Villagers,https://image.api.playstation.com/vulcan/ap/rnd/202411/2912/c8ab33992615fdc56e13a2444e4c0fa1ee9f7bdc2099ed81.jpg?w=1920,액션,playstation
Age of Mythology: Retold Standard Edition,https://store.playstation.com/ko-kr/concept/10009260,2025-03-05,https://image.api.playstation.com/vulcan/ap/rnd/202501/2218/8810bba29484b7321e45edaa75e6e6fbec0bb4dc2072a323.png?w=1920,"천상의 감각으로 신화와 전설의 영역에 발을 들여놓으세요. 오늘 Age of Mythology: Retold 스탠다드 에디션을 예약 구매하고 새로운 신들의 투기장 게임 모드에서 2가지 독점 신의 축복을 잠금 해제하세요!


여러 수상 경력에 빛나는 Age of Empires 프랜차이즈의 제작진이 선보이는 Age of Mythology: Retold는 역사를 넘어 신과 괴물, 인간이 충돌하는 신화 시대로 나아갑니다. 많은 사랑을 받은 Age of Mythology의 우수한 요소에 현대적인 RTS 디자인과 비주얼을 결합한 Retold는 기존 플레이어와 신규 플레이어 모두에게 장대하고 혁신적인 경험을 선사합니다. 영역을 확보하고, 전설적인 괴물을 지휘하고, 신의 힘을 빌어 적을 무찌르거나 친구와 함께 신들의 투기장에서 승리하세요.

신화가 되고 싶으신가요?

신의 힘을 빌리세요
그리스, 북유럽, 이집트, 아틀란티스의 다양한 신 중에서 선택하세요. 강력한 번개 폭풍, 대지를 뒤흔드는 지진, 심지어는 유명한 용 니드호그를 소환하여 적을 박살내세요. 혹은 성장을 돕는 비와 영역을 수호할 드리아드를 불러 백성이 성장하고 번영하는 것을 도우세요.

괴물을 깨우세요
켄타우르스, 트롤, 미라와 같은 괴물을 깨우세요. 태양의 힘이 담긴 보석으로 장식된 크로코다일부터 강력한 외눈박이 키클롭스까지, 세계의 위대한 신화에서 영감을 받은 다양한 유닛을 지휘하세요.

장대한 신화 속 세상
광활한 신화 속 세계를 가로지르는 50개의 미션으로 이루어진 다양한 캠페인을 시작하세요. 튼튼한 트로이의 성벽을 공격하고, 미드가르드의 얼어붙은 황무지에서 거인들과 싸우고, 이집트의 변화무쌍한 모래 속에서 오시리스의 신비를 발견하세요. 신화 속의 영웅이 되거나 직접 신이 되세요.

혼자 또는 친구와 함께하는 끝없는 모험

완전히 새로운 방식으로 Age of Mythology: Retold를 경험하세요. 기본 게임에서 친구와 정면 대결을 펼치거나 무작위로 생성된 수많은 맵에서 강력한 AI를 상대로 도전하여 끝없이 이어지는 전략 전투를 벌이세요.

새로운 반전을 원한다면, 완전히 새로운 모드인 신들의 투기장에 발을 들여놓으세요. 전설의 영웅이 되어 신성한 도전으로 가득한 35가지 신화 속 전투에 맞서보세요. 싱글 플레이 또는 협동 플레이*로 힘을 합쳐 장대한 시련을 헤쳐나가며 신화 속 세계를 완전히 새로운 방법으로 즐길 수 있습니다. 동맹을 맺든 홀로 싸우든, 여정마다 독특한 박진감을 느낄 수 있으며 끝없이 반복 플레이할 수 있습니다.",Age of Mythology: Retold Standard Edition,Microsoft Corporation,https://image.api.playstation.com/vulcan/ap/rnd/202501/2218/8810bba29484b7321e45edaa75e6e6fbec0bb4dc2072a323.png?w=1920,전략,playstation
Two Point Museum: Explorer Edition,https://store.playstation.com/ko-kr/concept/10009660,2025-02-28,https://image.api.playstation.com/vulcan/ap/rnd/202407/3014/6c078961fd9e9402a967d9f3530674512b0b1636b2127a21.png?w=1920,"지금 예약 구매로 소닉 테마 아이템을 획득하세요. 박물관을 장식하면 관람객들이 좋아한답니다. 사전 구매 기간 동안에만 획득할 수 있습니다.

• 소닉 장식용 조각상
• 섀도우 장식용 조각상
• 그래버 체험형 전시
• 소닉, 테일즈, 섀도우 직원 의상
• 한정 기념품점 아이템 - 소닉, 테일즈, 섀도우 어린이용 의상
• 한정 기념품점 아이템 - 소닉, 섀도우 솜인형
• 소닉 스테이지 테마 바닥 패턴 2종
• 소닉 스테이지 테마 벽지 1종


투 포인트 카운티의 용감한 모험가들이 지도 구석구석까지 멀리 떠났다가 박물관에 전시할 특별한 유물과 함께 돌아왔습니다. 이제 새로운 탐험 지역이 열려, 여기서만 확인할 수 있는 특별한 전시품과 이벤트가 여러분을 기다립니다!

Explorer Edition에는 전시관에 쓸 수 있는 장식용 아이템, 벽지, 바닥이 포함되어 있습니다. 멋진 디자인과 멀리서 온 조각상을 즐겨보세요. 탐험을 떠날 전문가들이 더 빨리 돌아올 수 있게 도와주는 한정 아이템도 있답니다. 전체 특전 리스트:

• 디지털 한정: 5일 우선 플레이
• 5000 쿠도쉬!
• 특별한 전시품을 찾을 수 있는 한정 탐사 지역
• 한정 팝업 챌린지 박물관
• 위엄 패키지 - 희귀하고 화제성이 높은 아이템과 함께 시작
• 탐험가 직원 의상
• 체험형 전시 추가
• 장식용 아치형 입구
• 장식용 아이템 2종
• 탐험가 테마 매표소
• 탐험가 테마 헬리콥터 스킨
• 고유 조각상 3종
• 바닥 장식, 벽지 각 3종
• 벤치 스타일 3종
• 무시무시한 탐험의 보너스가 되어줄 수 있는 직원 휴식용 트렁크!","Two Point Museum: Explorer Edition,투 포인트 뮤지엄: Explorer Edition",SEGA CORPORATION,https://image.api.playstation.com/vulcan/ap/rnd/202407/3014/6c078961fd9e9402a967d9f3530674512b0b1636b2127a21.png?w=1920,시뮬레이션,playstation
FATAL FURY: City of the Wolves - Special Edition,https://store.playstation.com/ko-kr/concept/10009499,2025-04-24,https://image.api.playstation.com/vulcan/ap/rnd/202408/0211/67efb223c8d579ab10e8510a2dc640f3d30ff0b2e877a0c8.jpg?w=1920,"English/Chinese/Korean/Japanese Ver.

【특전 내용】
■예약 특전
3일 얼리 액세스 권한 (2025년 4월 21일부터 플레이 하실 수 있습니다.)

DLC 코스튬 '아랑전설 2 테리'
※다운로드 버전은 2025년 4월 23일까지 구입했을 경우에 한하여 특전이 제공됩니다.
※특전 DLC 코스튬은 추후에 유료로 판매될 수 있습니다.


※PS4™ 다운로드 버전과 PS5™ 다운로드 버전 양쪽을 다운로드할 수 있는 타이틀입니다.
※온라인 멀티 플레이를 즐기기 위해서는 PlayStation®Plus (유료)에 가입할 필요가 있습니다.

※""아랑전설 시티 오브 더 울브스""는 'SPECIAL EDITION'으로만 판매합니다.
※현재, 게임 본편 및 시즌 패스 1의 개별 판매는 예정되어있지 않습니다.


게임 본편
시즌 패스1
-DLC 캐릭터 1 (2025년 여름 배포예정)
-DLC 캐릭터 2 (2025년 여름 배포예정)
-DLC 캐릭터 3 (2025년 가을 배포예정)
-DLC 캐릭터 4 (2025년 겨울 배포예정)
-DLC 캐릭터 5 (2026년초 배포예정)

【특전 내용】
■예약 특전
3일 얼리 액세스 권한 (2025년 4월 21일부터 플레이 하실 수 있습니다.)

DLC 코스튬 '아랑전설 2 테리'
※다운로드 버전은 2025년 4월 23일까지 구입했을 경우에 한하여 특전이 제공됩니다.
※특전 DLC 코스튬은 추후에 유료로 판매될 수 있습니다.

1991년에 탄생한 이래로 90년대 격투 게임의 붐을 이끈 SNK의 인기 격투 게임 '아랑전설' 시리즈.
1999년에 '아랑 마크 오브 더 울브스'가 발매되고 26년의 시간이 흘러, 마침내 시리즈 최신작 ""아랑전설 시티 오브 더 울브스""""가 등장!

■대전을 더욱 뜨겁게 해줄 'REV 시스템'을 새롭게 탑재!
대전 시작부터 다양한 특수 공격을 사용할 수 있는 'REV 시스템'을 새롭게 탑재! 'REV 게이지'가 한계에 도달할 때까지 'REV 아츠'와 'REV 액셀', 그리고 S.P.G.존에서 'REV 블로' 등의 사용이 가능. 'REV 시스템'으로 더욱 짜릿한 배틀을 실현!

■초보자부터 상급자까지 폭 넓게 즐길 수 있는 2가지 조작 스타일!
테크니컬한 조작 스타일인 '아케이드 스탠스'와, 방향키와 버튼 하나 조합으로 화려한 필살기와 콤보를 사용할 수 있는 '스마트 스탠스' 중에서 하나를 선택할 수 있다. 격투 게임 초보자부터 상급자에 이르기까지 자신의 실력과 레벨에 맞춰 대전을 즐겨보자!

■사우스 타운을 무대로, 개성적인 파이터들이 격돌!
역대 인기 캐릭터와 신규 캐릭터 등 17명과 함께, 시즌 패스 1의 DLC 캐릭터 5명을 포함하여 총 22명의 참전이 결정! 감성을 자극하는 독자적인 '아트 스타일'로 그려진 파이터들이 사우스 타운에서 격돌!

■사우스 타운 제패를 목표로 하는 RPG 모드 'EOST'를 새롭게 탑재!
싱글 플레이용 RPG 모드로 'EOST (EPISODES OF SOUTH TOWN)'을 새롭게 탑재. 욕망으로 가득한 사우스 타운을 무대로 다양한 조건을 클리어 하면서 경험치와 보수를 획득. 레벨업과 스킬 장비를 통해 캐릭터를 육성. 각지의 보스를 쓰러뜨리고 사우스 타운을 제패하라!
※'EOST'를 즐기기 위해서는 인터넷에 접속하여 데이트를 실시해야 합니다.","FATAL FURY: City of the Wolves - Special Edition,아랑전설 시티 오브 더 울브스 SPECIAL EDITION",SNK PLAYMORE CORPORATION,https://image.api.playstation.com/vulcan/ap/rnd/202408/0211/67efb223c8d579ab10e8510a2dc640f3d30ff0b2e877a0c8.jpg?w=1920,격투,playstation
AI LIMIT,https://store.playstation.com/ko-kr/concept/10006488,2025-03-27,https://image.api.playstation.com/vulcan/ap/rnd/202406/1806/f3a7bbf296d308a1a2120201fec1dc549a2285758c16ff5f.jpg?w=1920,"지금 예약 주문하여 다음 디지털 콘텐츠를 받으세요:

• 전용 바디 수트 - 메이드 의상


문명이 곧 멸망하게 된 아득한 미래에, 세상인들은 [정지]라는 전설에 따라, 마지막의 도시----헤이븐스웰에 모여왔다. 이 종말의 묵시록 공상과학 ARPG게임에서 재생 능력을 가진 기계병종 [알리사]의 시각으로, 새로운 희망을 찾기 위해 괴물이 난무하는 도시유적에서 문명이 사라지게 된 진실을 탐색해보세요.

미지의 종말세계를 탐색해 봅시다.

알 수 없는 이유로 인공 생태 환경이 갑자기 붕괴된 후, 천재지변과 전쟁이 이어지고 끝없이 발생하여 문명은 순식간에 붕괴되었다…그 후 수백 년 [원액]이라고 불리는 특이한 물질이 사방으로 퍼졌고, 다양한 괴물들이 땅 위로 쏟아져 나왔다.
인류의 마지막 도시인 [헤이븐스웰]에 도착하여 음랭한 지하수도, 서로 뒤섞어 있는 혼란스러운 빈민굴, 호수 위에 떠있는 하늘도시…괴물이 난무하는 폐허에서 문명 파멸의 진실을 탐구해보세요. 신비롭고 위험한 적과 마주하고, 기괴하고 절망적인 역사에 종지부를 찍으세요.

신비로운 사명을 띠고 여행을 떠납시다.

[기병] 은 인간의 외모를 지녔지만 신비한 기술로 창조된 새로운 생명체입니다. 그들은 각자의 임무를 가지고서 고독하고 위험한 여정을 시작하고 [결지]의 힘으로 그녀들은 거듭 다시 태어날 수 있습니다.
하지만 이제 [결지]가 다 파괴되었으니, [기병]의 일원으로서 도시에서 모든 곳의 [결정지]를 찾고 복구해야 합니다. 당신은 같은 처지에 처해있는 인간과 기계병종 동료와 만날 것이며 그들의 기쁨과 슬픔, 절망속에서 지키는 신념을 느끼고, 재앙과 이상의 진실을 함께 밝혀낼 것입니다.

압도적인 신비한 적과 직면하세요

자신을 잃고 광기 어린 짐승으로 타락한 전사;
하늘을 걷으며 칼날로 가득 찬 암살병종;
땅을 짓누르며, 도시를 파괴되고 폭발을 일으키는 거대한 괴물…
당신은 여러 번의 죽음과 부활 중에, 여러 세력의 강력한 적들과 끊임없이 싸우고, 적의 강렬한 공세에서 허점을 찾아내어 최선을 다해 승리를 얻고 종말의 여정을 계속하세요.

다양하고 환상적인 액션 전투를 체험하세요

◆풍부한 무기 타입, 더 풍부한 무기 수량!
◆ 무기 전투 기술을 자유롭게 교체, 유연하게 조합!
◆ 전투 행위에 따라 향상되는 [동기화율] 시스템은 당신이 공수 일체를 도와 싸울수록 용맹스러워집니다!
◆ 왼손에 넣는 변형 기구로 최대 수십 가지의 [술식]을 구동할 수 있으며, 강공 보조가 모두 갖추어져 있습니다!
◆ 다양한 시스템을 사용하여 풍성한 콤보 동작을 성취하여 공격과 수비 간의 교체에서 기회를 잡아 낼 수 있습니다!

도시 유적을 탐색하여, 강력한 무기, 의복과 구 문명 유물을 찾아보세요.

기괴하고 웅장한 도시의 폐허로 깊숙이 들어가 다양한 스타일 무기 및 의류를 탐색합시다. 그것들은 강력한 괴물에 의해 점령되거나 복잡한 골목 깊숙한 곳에서 발견됩니다.
전투적 속성 외에도 다양한 무기와 의상이 색다른 외관 변화를 제공하며 독보적인 자세로 싸워보세요!
게다가, 탐사를 하다 보면 곳곳에 흩어져 있는 옛 문명의 유물도 찾을 수 있습니다. [기병]의 능력을 활용하여 그 유물안에 남아 있는 기억을 읽고 [헤이븐스웰]의 역사를 들여다봅시다.",AI LIMIT,CE-Asia Hong Kong Limited,https://image.api.playstation.com/vulcan/ap/rnd/202406/1806/f3a7bbf296d308a1a2120201fec1dc549a2285758c16ff5f.jpg?w=1920,롤플레잉 게임,playstation
,https://store.playstation.com/ko-kr/concept/10013678,2025-01-24,,Adult Game,,,,,playstation
FragPunk Pioneer Bundle,https://store.playstation.com/ko-kr/concept/10012871,2025-03-07,https://image.api.playstation.com/vulcan/ap/rnd/202501/1012/f8ff644e07ad25c329c6854bc5c7e1f4c0afce2fba58f267.jpg?w=1920,"*2025년 3월 6일 프래그 펑크가 출시되면 무료로 플레이할 수 있습니다. 구매를 하지 않아도 이 사전 예약 혜택에 포함된 게임을 플레이할 수 있습니다.

스타일리시하게 규칙을 깨트리며 프래그 펑크 전투를 시작하세요! 프래그 펑크 사전 예약 번들을 구매하고 플랫폼 전용 스킨, 스티커, 부적부터 첫 시즌 프리미엄 배틀 패스까지 특별한 혜택을 만나보세요!

이 독점 번들은 사전 예약 기간이 종료되면 스토어에서 영구 삭제됩니다. 포함된 아이템 중에 마음에 드는 것이 있다면 사라지기 전에 지금 바로 확보하세요!

이 제품에는 다음 콘텐츠가 포함됩니다.
- 플랫폼 전용 웨폰 스킨(이 번들에서만 이용 가능)*2.
- 플랫폼 전용 스티커(이 번들에서만 이용 가능)*2.
- 플랫폼 전용 부적(이 번들에서만 이용 가능)*1.
- 프리미엄 배틀 패스*1.

출시 후 첫 로그인 시 게임 내 우편함에서 수령하실 수 있습니다.


샤드 카드로 규칙을 뒤집으세요!
FragPunk의 라운드에서는 결코 똑같은 플레이가 진행될 수 없습니다. 100개 이상의 샤드 카드를 다양하게 활성화하여 매 게임 라운드를 바꾸면서 새롭고 독특한 조합으로 무한한 가능성을 만들어낼 수 있으니까요! 카드로 점프 높이를 증폭시키고, 공격자와 수비자의 역할을 바꾸고, 총알을 화염에 휩싸이게 하거나 연쇄 번개로 바꿀 수 있으며, 자신과 팀원을 부활시킬 수도 있습니다!

광란의 5대5 히어로 슈팅 게임!
각 라운드는 약 2분 30초 동안 진행됩니다. 그러니 서두르세요! 적을 사살하는 데 걸리는 시간이 짧기 때문에 전투에서 승리하려면 정확한 조준과 빠른 반응이 필요합니다. 다양한 능력을 지닌 12명의 히어로 중에서 선택하고, 무기 조합을 커스터마이징하고, 카드를 골라 전투를 준비하세요!

계속 플레이하고 싶은 다양한 콘텐츠
저마다 고유한 능력을 지닌 12명의 히어로 중에서 마음에 드는 히어로를 선택하세요. 17개의 총 중에서 마음에 드는 총을 찾아보세요. 일부 총은 시간이 흐를수록 더 빠르게 사격 되거나 폭발하는 등, 특별한 능력을 갖추고 있습니다! 새로운 히어로, 무기, 카드 조합을 발견하고 나만의 전투 스타일을 구축하세요!

몰입감 있는 맵과 생동감 넘치는 비주얼!
콜라주, 그래피티, 사실적이면서도 개성 있는 텍스처가 특징인 풍부한 맵 디자인과 시각 효과가 펼쳐집니다. 총알이 날아다니는 동안 대담한 색상, 날카로운 형태, 역동적인 선들이 다양한 시각적 경험을 선사하여 여러분의 눈을 즐겁게 해줄 것입니다.","FragPunk Pioneer Bundle,FragPunk 개척자 번들",NetEase Information Technology Corporation,https://image.api.playstation.com/vulcan/ap/rnd/202501/1012/f8ff644e07ad25c329c6854bc5c7e1f4c0afce2fba58f267.jpg?w=1920,슈팅,playstation
,https://store.playstation.com/ko-kr/concept/10013566,2025-02-01,,Adult Game,,,,,playstation
Ambulance Life: A Paramedic Simulator,https://store.playstation.com/ko-kr/concept/10007732,2025-02-07,https://image.api.playstation.com/vulcan/ap/rnd/202311/1314/252e3acf3e236f69e0f2df18540d3dc0106b3d8327446d65.jpg?w=1920,"모두를 깜짝 놀라게 한 Police Simulator: Patrol Officers의 개발팀이 새롭게 선보이는 Ambulance Life: A Paramedic Simulator는 구급대원의 삶 구석구석을 체험할 수 있는 첫 번째 시뮬레이션 게임입니다. 당신의 목표는? 앰뷸런스를 타고 빨리 사고 현장으로 가는 것입니다. 당신의 임무는? 부상자를 돌보고 응급 처치를 하는 것이죠. 하늘 아래 같은 사고는 없습니다. 다양한 상황에 맞게 빠르고 효율적으로 올바른 선택을 내리는 것은 전적으로 당신에게 달렸습니다.


산 펠리카노에 오신 것을 환영합니다

당신은 미국 서부 해안에서 일하고 있습니다. 역사 지구, 상업 지역, 공업 지대 등 다양한 환경이 기다립니다. 각 구역은 서로 다르며 사고나 주요 이벤트가 일어나는 현장이 될 수 있습니다. 주민들은 새로운 종류의 사건으로 이어질 수 있는 특정한 방식의 생활과 활동을 영위합니다.


사이렌을 울리세요

알람이 울리자마자 앰뷸런스에 올라타 사이렌을 켜고 가능한 한 빨리 사고 현장으로 달려가세요. 붐비는 거리에서 이동하고 최적의 경로를 찾으려면 운전 실력을 최대한 발휘해야 합니다.


생명을 구하세요

사고 현장에 도착하면 상황을 분석해 각 환자에게 어떤 처치가 필요한지 정확히 판단해야 합니다. 환자와 이야기해 사고 상황을 파악하고 환자를 안심시키며 수중에 있는 여러 장비를 사용해 다양한 필수 검진을 진행한 후 최초 진단을 내리세요. 이후 응급 처치를 실시하고, 부상이 심각할 경우 들것을 꺼내 환자를 최대한 빨리 병원으로 이송할 수 있습니다. 몇 건의 응급 처치를 끝내면 다른 상황이 발생하는 새 구역에 배정되며 앰뷸런스에서 새로운 장비를 사용할 수 있습니다.


극한의 상황에서도 침착함을 잃지 마세요

근무 중 대형 사건이 발생할 수 있으며 이때 위기에 잘 대처해야 합니다. 극도로 심각한 비상사태가 발생하면 냉정을 유지하며 다수의 부상자를 재빨리 확인해야 합니다. 부상의 심각도에 따라 부상자를 분류하고 최대한 많은 사람을 구해야 합니다. 당신은 환자의 생존 가능성에 직접 영향을 주는 도덕적 딜레마를 마주하게 됩니다. 언제나 모두를 구할 순 없으니 옳은 결정을 내려야 합니다. 당신은 과연 냉정을 유지할 수 있을까요?

- 3개의 독특한 구역을 탐험하고 대형 참사 등 각 구역에서 발생할 수 있는 사고 현장으로 출동하세요

- 특정한 운전 스타일로 앰뷸런스를 운전하세요

- 혼잡하고 사실적인 교통 상황에 맞춰 운전 방식을 바꾸세요

- 일상에서 생길 수 있는 단순한 상처부터 주유소 폭발로 인한 3도 화상까지 다양한 상황

- 청진기, 산소마스크 등 마음대로 사용할 수 있는 열 가지 의료 장비

- 매뉴얼에 기록된 사실적인 절차

- 2가지 게임 모드: 노련한 구급대원을 위한 몰입 모드 또는 첫 근무부터 차근차근 도와주는 기본 모드","Ambulance Life: A Paramedic Simulator,앰뷸런스 라이프: 구조대원 시뮬레이터","H2 INTERACTIVE CO., LTD.",https://image.api.playstation.com/vulcan/ap/rnd/202311/1314/252e3acf3e236f69e0f2df18540d3dc0106b3d8327446d65.jpg?w=1920,시뮬레이션,playstation
Angry Battalion,https://store.playstation.com/ko-kr/concept/10013612,2025-03-07,https://image.api.playstation.com/vulcan/ap/rnd/202501/1315/24f6c40f61b525c479cb87d8937ba51f2e54b2cbbc0960fb.jpg?w=1920,"승리의 비결은 팀워크입니다. 모든 병사는 승리하는 전술을 선택하는 데 중요합니다. 올바른 팀만이 승리를 보장합니다!

병사들을 착륙시킬 시기와 장소를 선택하여 적의 방어선을 빠르게 공격하세요. 전장에서 일어나는 모든 일을 통제하고 가장 약한 지점에 지원군을 보내세요. 여러분은 대대를 지휘하며 전투의 승패는 여러분의 결정에 달려 있습니다.

각 병사를 적절한 시간과 장소에 전장에 투입하세요. 전투가 진행되는 상황을 주의 깊게 관찰하세요. 기다렸다가 더 강력한 병사를 전투에 투입해야 할 수도 있습니다. 여러분의 결정은 매우 중요하므로 자원을 낭비하지 말고 병사를 현명하게 관리하세요.

교차 저장:
PlayStation®4 버전에서 세이브 게임을 불러오기만 하면 언제든 PlayStation®5에서 중단한 부분을 다시 시작할 수 있습니다!

NOSTRA.GAMES 팀의 새롭고 재미있는 게임을 확인해 보세요.

모두를 위한 하나, 모두를 위한 하나!",Angry Battalion,NOSTRA GAMES LTD,https://image.api.playstation.com/vulcan/ap/rnd/202501/1315/24f6c40f61b525c479cb87d8937ba51f2e54b2cbbc0960fb.jpg?w=1920,캐주얼,playstation
,https://store.playstation.com/ko-kr/concept/10013648,2025-02-18,,Adult Game,,,,,playstation
Rusty Rabbit,https://store.playstation.com/ko-kr/concept/10008988,2025-04-17,https://image.api.playstation.com/vulcan/ap/rnd/202309/1307/db73da8cc436db61d078288e7ddc965b198b206106d283e1.jpg?w=1920,"지금 사전주문하고 최대 3일 일찍 게임을 플레이하세요!


""귀여운 토끼라고? …과연 그럴까.""

인류가 빙하에 뒤덮인 지구를 떠난 지도 벌써 오랜 시간이 흘렀습니다. 이제 지구는… 토끼가 지배합니다!
인류가 지상에서 자취를 감추었습니다. 토끼들은 인류를 '거인'이라고 불렀으며, 인간이 남기고 간 거대한 폐허를 '굴뚝산'이라고 부르며 신성하게 여겼습니다. 그 성지를 어지럽히고 채굴하는 이들을 '러스트 디거'라고 합니다. 주인공 스탬프는 연배가 있는 토끼로, 굴뚝산에서 러스트 디거 일을 하며 살고 있었습니다.
그러던 어느 날. 스탬프는 굴뚝산에서 탐색을 끝내고 돌아오는 길에 'BB단'이라는 러스트 디거 팀과 마주치고, 의도치 않게 굴뚝산 심장부까지 파고드는 여정을 함께하게 됩니다.
그 과정에서 스탬프는 폐허 여기저기에 흩어진 고대 정보 기록 기계 '디탐'을 발견합니다. 디탐 안에는 스탬프의 잃어버린 딸이 남긴 것으로 보이는 기록이 있었습니다. 그 기록은 딸에게 닥친 위기를 암시하는 한편, 스탬프가 여태까지 믿었던 세계의 감춰진 진실을 서서히 드러냅니다.
수많은 수수께끼를 풀고 딸의 행방을 쫓기 위해, 스탬프는 폐허 깊숙한 곳으로 여정을 떠납니다…


수수께끼투성이 설정 -
스릴과 수수께끼로 가득한 커다란 폐허를 상하좌우로 끊임없이 파고 들어가는 짜릿한 액션!

미로 같은 폐허를 ""스매시 앤 대시""로 뚫고 나가세요! –
닌자처럼 빠른 속도와 기동성을 지닌 로봇으로 블록을 파괴해 나가며 탐험을 진행하세요. 이 앞에는 어떤 보물이 기다리고 있을까요?

RPG 스타일의 진행과 커스터마이징 –
폐허에서 모은 부품과 재료로 로봇을 업그레이드하세요! 보물을 지키는 적과 치열한 전투를 벌이며 기술을 향상시킬 수 있습니다!",Rusty Rabbit,NETEASE INTERACTIVE ENTERTAINMENT PTE.LTD,https://image.api.playstation.com/vulcan/ap/rnd/202309/1307/db73da8cc436db61d078288e7ddc965b198b206106d283e1.jpg?w=1920,액션,playstation
Shopping Fever,https://store.playstation.com/ko-kr/concept/10013667,2025-02-07,https://image.api.playstation.com/vulcan/ap/rnd/202501/1512/8e23769be9c350e235ec4189b0a4618b0e63d651b13e96d2.jpg?w=1920,"쇼핑의 세계로 들어가세요. 최고의 할인 혜택을 놓치지 마세요. 쇼핑을 얼마나 잘하느냐에 따라 당신의 외모가 달라집니다!

패션계의 정상에 오르는 길은 쉽지 않습니다. 많은 장애물이 기다리고 있습니다. 하지만 두려워하지 말고 계속 나아가세요! 장애물을 피하고 쇼핑백과 다이아몬드를 모아 의상을 바꾸고 친구들에게 깊은 인상을 남기세요.

놀라운 물건들로 가득한 결승선에 도달하세요. 가능한 한 많은 브랜드 상품을 수집하세요. 밝고 값비싼 룩으로 주변 사람들을 놀라게 하세요.

Cross-Save:
PlayStation®4 버전에서 세이브 게임을 가져와서 PlayStation®5에서 언제든 중단한 부분을 다시 시작하세요!

NOSTRA.GAMES 팀의 새롭고 재미있는 게임을 확인해 보세요.

서둘러서 최고의 혜택을 받으세요!",Shopping Fever,NOSTRA GAMES LTD,https://image.api.playstation.com/vulcan/ap/rnd/202501/1512/8e23769be9c350e235ec4189b0a4618b0e63d651b13e96d2.jpg?w=1920,캐주얼,playstation
Snezhinka,https://store.playstation.com/ko-kr/concept/10013125,2025-02-13,https://image.api.playstation.com/vulcan/ap/rnd/202501/1703/3d2f822b3ea044bae7724cc20c818eb337c9f68e3ea8cfe6.jpg?w=1920,"""용철의 마르푸샤""의 속편이자, 간단한 조작으로 즐길 수 있는 하이템포 슈팅 게임 시리즈의 두 번째 작품입니다.

2.5D 픽셀 아트 스타일로 표현한 디스토피아 세상에서 민간 군사 기업의 계약 사원, 스네진카로 플레이하세요. 다양한 전장을 누비며 적군의 맹공으로부터 목표를 지켜내세요.

매일 살아남을 때마다 급여를 받을 수 있지만, 이 금액은 각종 세금 공제와 기타 지출비를 제외한 것입니다… 여러분은 적은 실수령액으로 능력을 강화하고, 새 장비를 구매하고, 동료를 모아야 합니다.

스토리 모드에서는 어떤 동료와 함께 전투를 진행하느냐에 따라 흐름이 달라집니다. 여러 번 플레이하며 모든 스토리를 확인해 보세요.

또한 온라인 랭킹 시스템을 완벽히 지원하는 두 가지 챌린지 모드와 게임 내에서 획득한 모든 요소를 볼 수 있는 컬렉션 기능을 탑재하였습니다.

콘솔 버전에는 아트북이 포함되어 있습니다.","Snezhinka,구국의 스네진카",PLAYISM,https://image.api.playstation.com/vulcan/ap/rnd/202501/1703/3d2f822b3ea044bae7724cc20c818eb337c9f68e3ea8cfe6.jpg?w=1920,슈팅,playstation
Split Fiction,https://store.playstation.com/ko-kr/concept/10005449,2025-03-07,https://image.api.playstation.com/vulcan/ap/rnd/202411/2918/887820d47d0128244ee4a4b52b1b9dbf27e93b9c690b5627.png?w=1920,"It Takes Two의 개발사에서 제작한 경계를 넘나드는 협동 어드벤처 Split Fiction에서 다양한 세계를 경험하며 놀라운 순간을 만끽하세요. 미오와 조이는 대조적인 성격을 가진 작가로 창의적인 아이디어를 빼앗기 위해 만들어진 기계에 의해 자신들이 만든 이야기 속에 갇히게 됩니다. 이 상황에서 탈출하려면 서로 의지하고 협력하며 다양한 능력을 마스터하고 수많은 도전을 극복해야 합니다. 그리고 SF와 판타지 세계를 넘나들며 예상하지 못한 우정의 이야기가 펼쳐집니다.

• 진정한 협동 어드벤처 – 이 게임은 2인용으로 제작되어 분할 화면으로 진행하는 어드벤처 게임입니다. 행동과 타이밍의 호흡을 맞추고 서로 협력하여 수많은 도전을 극복해야 하는 협동 게임 플레이를 경험하세요. 친구 패스*로 파트너를 초대하여 무료로 크로스 플랫폼 플레이를 즐기세요.

• 비교할 수 없는 다양한 세계 – SF 세계와 판타지 세계를 오가며 새로운 메커니즘과 능력을 발견하고 다양한 모험을 경험하세요. 초신성 폭발을 일으키는 태양에서 탈출하고, 원숭이들과 댄스 배틀을 벌이고, 호버보드로 멋진 트릭을 선보이고, 사악한 고양이와 싸우는 등 다양한 모험을 경험하세요. 모든 것이 완전히 다른 세계, 예상치 못한 새로운 능력, 플랫폼, 잠입, 퍼즐 등 다양한 게임 플레이를 즐기세요.",Split Fiction,Electronic Arts Inc.,https://image.api.playstation.com/vulcan/ap/rnd/202411/2918/887820d47d0128244ee4a4b52b1b9dbf27e93b9c690b5627.png?w=1920,어드벤처,playstation
Super Jagger Bomb 2: Go East,https://store.playstation.com/ko-kr/concept/10013209,2025-02-12,https://image.api.playstation.com/vulcan/ap/rnd/202501/0808/3151e408fd0b3579b5079480068dc04789f8f2ff2b154b58.png?w=1920,"폭탄 모으는 망토 히어로가 돌아왔습니다. Super Jagger Bomb 2: Go East에서 폭발적인 아케이드 스타일의 플랫폼 액션을 준비하세요! 이번에는 유럽과 인도에서 중국과 몽골에 이르기까지 전 세계의 랜드마크와 기념물에 폭탄이 설치되었으며, 이 세계적인 보물들을 파괴로부터 구하는 것은 슈퍼 재거의 몫입니다.

적을 피하고 최대한 빨리 폭탄을 수집하여 2.5D 스타일로 수십 개의 독특한 스테이지를 가로질러 달리고, 점프하고, 날아다니고, 대시하세요. 죽지 않고 레벨을 완료하여 추가 생명을 얻고 보너스 라운드를 사용하여 점수를 배가하세요. 코인을 수집하고, 연습하고, 비행 면허를 획득하고, 새로운 영웅을 잠금 해제하세요!

특징:

• 아케이드 스타일의 액션으로 한입 크기의 플랫폼 스테이지를 마스터하세요!
• 적과 함정을 피해 최대한 빨리 폭탄을 수집하고 해제하세요.
• 속도와 생존 스킬을 극대화하여 추가 생명을 얻으세요!
• 보너스 라운드를 사용하여 점수를 곱하고 정상을 노려보세요.
• 국보, 랜드마크 및 기념물을 저장하여 최고의 영웅이 되세요!
• 비행 면허를 획득하고 새로운 플레이 가능한 캐릭터를 잠금 해제하세요!",Super Jagger Bomb 2: Go East,eastasiasoft,https://image.api.playstation.com/vulcan/ap/rnd/202501/0808/3151e408fd0b3579b5079480068dc04789f8f2ff2b154b58.png?w=1920,"퍼즐, 액션, 가족",playstation
Undying,https://store.playstation.com/ko-kr/concept/10012406,1985-09-13,-,-,"Undying,죽지 않는",-,-,어드벤처,playstation
Cypress Legacy,https://store.playstation.com/ko-kr/concept/10012835,2025-03-25,https://image.api.playstation.com/vulcan/ap/rnd/202411/1202/7059cc7dbb2e3cd2a5949fde4d0babff37359bd84a0c478e.jpg?w=1920,"Lorna로서 당신은 이제 당신의 할아버지인 Alfred Cypress에 대해 알게 되었습니다. 당신은 또한 그가 발명한 기술을 접했고, 이를 달성하려고 노력하는 사람들에게서도 배웠습니다. 또한 이제 그가 만든 몇 가지 가상 교육 영역에 액세스할 수 있게 되었습니다. 특히 훈련을 위한 이 영역에는 어려움을 극복하고 보유한 자산을 달성하기 위해 노력하면서 탐색해야 하는 맨션이 포함되어 있습니다.

이제 섬에 있는 동안 발견한 항목 중 일부를 연구하여 배웠으므로 계속해서 더 많은 것을 배울 필요가 있습니다. 더 많은 정보를 찾아야 하고, 할아버지에게도 이어지는 더 많은 정보를 찾기를 바랍니다. 확실히 이 귀중한 정보를 얻고 싶어하는 사람들이 있으므로 조심하고 누구도 믿지 마십시오. 가상 저택 자체에는 여러분의 임무를 더욱 흥미롭고 위험하게 만드는 많은 놀라움이 있습니다.

주의를 기울이고 모든 것에 주의를 기울이면서 사용 가능한 리소스를 사용하십시오. 어떤 상황에 직면하더라도 진실을 배우고 자산을 얻은 다음 안전하게 탈출하는 데 필요한 것을 계속해서 획득해야 합니다.",Cypress Legacy,Cypress Inheritance LLC,https://image.api.playstation.com/vulcan/ap/rnd/202411/1202/7059cc7dbb2e3cd2a5949fde4d0babff37359bd84a0c478e.jpg?w=1920,"어드벤처, 액션",playstation
Beef Cat Ultra,https://store.playstation.com/ko-kr/concept/10013234,2025-02-07,https://image.api.playstation.com/vulcan/ap/rnd/202411/2523/482d5015a5e0efa6ac7f8619c0697ddf031e3cb315ac45ad.jpg?w=1920,"활기찬 비프란디아의 세계에서 우리의 영웅 비프 캣과 그의 친구들은 항상 좋은 시간을 축하하는 방법을 알고 있습니다. 하지만 신비로운 빅 가이가 나타나 문제를 일으키면 모든 것이 변합니다. 평화로운 시간은 끝났고, 새로운 모험이 시작됩니다!",Beef Cat Ultra,Brainium Games LLC,https://image.api.playstation.com/vulcan/ap/rnd/202411/2523/482d5015a5e0efa6ac7f8619c0697ddf031e3cb315ac45ad.jpg?w=1920,액션,playstation
Blindfire,https://store.playstation.com/ko-kr/concept/10012236,2024-11-21,https://image.api.playstation.com/vulcan/ap/rnd/202411/2023/61a3ba596a6549e285f8df379462d06c66fcec84bd77be82.jpg?w=1920,"무기 라이브, 소등
Blindfire는 온라인 멀티플레이어 일인칭 슈터로, 어둠 속에서 진행됩니다. 어둑어둑한 지하 세계를 배경으로, 네온 스카이라인 아래의 엄청난 돈의 베팅이 오가는 불법 유혈 스포츠입니다. 막대한 부와 상상할 수 없는 영광이라는 약속에 매료된 참가자들은 죽거나 죽입니다.

처치할 때마다 계산됩니다
경기장에서 혼자 용기를 내거나 최대 8명의 플레이어로 매치에서 팀을 꾸리세요. 전사자수 모드에서는 다섯 번의 속사 라운드에서 가장 많은 포인트를 획득하세요. 조명이 켜졌을 때 최후의 1인이 되어 승자 쇼케이스에서 한 자리를 차지하세요.

어둠 속에 도사린 위험
조명은 격렬한 총격전을 위한 함정이 가득한 비좁은 공간의 경기장에서는 희귀합니다. 플레이어는 위치가 노출될 위험을 감수하고 언제 어디서 발사할지 결정해야 합니다. 경기장을 탐색하고 상대의 위치를 찾는 데 도움이 되도록 공간을 스캔하는 에코 메커닉으로 감각을 연마하세요.

흑색광선 아래의 복수
패배하면, 관중은 경기장의 최첨단 나이트 비전 카메라를 사용할 수 있습니다. 블랙라이트는 숨겨진 거리 예술의 생생한 색을 드러내고 번드르르한 디자인의 참가자 의상을 탈바꿈합니다. 제거된 관중은 경기장의 함정을 통제하여 매치 결과에 영향을 주며 복수할 수 있습니다.

작동하세요
칠흑같이 Blindfire의 어두운 전장이 일인칭 슈터 장르를 혼란에 빠뜨립니다. 긴장감이 고조되는 가운데 그림자에 몰래 접근하여, 포구섬광 속에서 총알이 빗발칠 때 달려서 은폐하세요. Blindfire에서 경쟁자를 제거하려면 무엇이 필요한지 생각해 보셨나요? 그런 다음 무기를 집고 작동하세요.",Blindfire,Double Eleven Limited,https://image.api.playstation.com/vulcan/ap/rnd/202411/2023/61a3ba596a6549e285f8df379462d06c66fcec84bd77be82.jpg?w=1920,슈팅,playstation
Carmen Sandiego,https://store.playstation.com/ko-kr/concept/10012106,2025-03-04,https://image.api.playstation.com/vulcan/ap/rnd/202409/0500/2b6e1dc69ce27b4779a22b871b7ab1eea1c44cc1061c27b1.jpg?w=1920,"""진홍의 대도둑 카르멘 산디에고가 돌아왔다! 카르멘을 상징하는 빨간 모자를 쓰고 자경단이 되어 범죄의 세계를 누비며 첨단 장비를 활용해 범죄 조직 바일을 소탕하세요. 초보 형사부터 노련한 탐정까지 누구나 자신의 추리 능력을 시험해 보세요. 스토리 중심의 메인 캠페인과 클래식 모드 '아크미 파일' 모두 도전해 보세요.

최고의 도둑이 되세요
시리즈 역사상 처음으로 카르멘 산디에고가 되어보세요! 카르멘이 속한 범죄의 세계로 뛰어들어 바일의 조직원들을 무너뜨리는 그녀의 활약을 바로 곁에서 지켜보세요.

첨단 장비
카르멘 산디에고도 장비가 없었다면 전설적 도둑이 되지 못했을 거예요! 튼튼한 글라이더를 타고 공중을 자유롭게 활강하고, 갈고리를 이용해 건물과 건물 사이를 날아다니고, 야간투시경과 열화상 고글로 어둠 속을 탐색하세요.

전 세계를 여행하세요
리우데자네이루의 번화가에서 도쿄의 웅장한 건축물까지 세계 유명 도시들을 누비는 여행을 시작하세요. 환상적인 비주얼과 몰입도 높은 배경 연출은 모든 장소에 생명을 불어넣으며 그곳에 숨겨진 비밀을 조사하고, 발견하고, 해결하도록 여러분을 초대합니다.

사견을 해결하세요
단서를 모으고, 암호를 해독하고, 다양한 미니 게임에 도전하며 추리 능력을 길러 바일의 교활한 조직원들을 추격하세요. 그리고 잊지 마세요. 시간이 생명입니다! 정신을 집중하고, 빠르게 계산하고, 대담하게 움직여 너무 늦기 전에 금고를 열고, 시스템을 해킹하고, 잠금 해제 기술의 전문가가 되세요.

바일 조직원을 체포하세요
단서를 모아 사건 기록과 비교하여 바일 조직원을 색출하세요. 조직원의 머리는 검은색인가요, 빨간색인가요? 또 그들의 눈은 푸른색인가요? 추리 능력을 동원해 용의자의 범위를 좁혀가세요. 하지만 잊지 마세요. 누구든 체포하기 전에 반드시 영장을 받아야 합니다! 과연 사건을 해결하고 바일에게 정의의 심판을 내릴 수 있을까요? 아니면 그들이 붙잡히지 않고 도망칠까요?""","Carmen Sandiego,카르멘 샌디에고",Gameloft K.K.,https://image.api.playstation.com/vulcan/ap/rnd/202409/0500/2b6e1dc69ce27b4779a22b871b7ab1eea1c44cc1061c27b1.jpg?w=1920,어드벤처,playstation
Dance Mania,https://store.playstation.com/ko-kr/concept/10013669,2025-02-21,https://image.api.playstation.com/vulcan/ap/rnd/202501/1708/574fe1793ba2e79d16a97968bd14fa51ecba185ceb1127e9.jpg?w=1920,"팀에 재능 있는 댄서들을 영입하고 결승선을 향해 달려가면서 쇼를 펼쳐보세요. 재미있는 음악, 멋진 동작, 화려한 의상이 승리의 비결입니다!

장애물을 피하되, 팀을 안전하게 지키고 도중에 아무도 잃지 않도록 장애물을 피해야 합니다. 최고의 댄스 동작을 선택하면 결승선에서 가장 크고 재미있는 댄스팀이 될 것입니다.

댄서들을 위한 새로운 의상을 잠금 해제하세요. 새로운 댄스 동작을 배우세요. 각 레벨은 독특하고 재미있을 것입니다! 모든 옵션을 열어 팀의 모든 춤과 특이한 의상을 확인하세요.

교차 저장:
PlayStation®4 버전에서 세이브 게임을 가져와서 PlayStation®5에서 언제든 중단한 부분을 다시 시작하세요!

NOSTRA.GAMES 팀의 새롭고 재미있는 게임을 확인해 보세요.

파티를 시작하세요!",Dance Mania,NOSTRA GAMES LTD,https://image.api.playstation.com/vulcan/ap/rnd/202501/1708/574fe1793ba2e79d16a97968bd14fa51ecba185ceb1127e9.jpg?w=1920,캐주얼,playstation
Dollhouse: Behind the Broken Mirror,https://store.playstation.com/ko-kr/concept/10010190,1985-09-13,https://image.api.playstation.com/vulcan/ap/rnd/202403/2208/320bd3e020485d653c8f7d851c089f880eac844ac856423b.jpg?w=1920,"Dollhouse: Behind the Broken Mirror는 어둡고 신비로운 이야기가 시네마틱 스타일로 펼쳐지는 일인칭 호러 어드벤처 게임입니다.



한때 유명한 가수였으나, 지금은 자신의 잊힌 기억의 미궁 속에 갇혀 버린 일라이자 드 무어의 산산조각 난 정신 속으로 발을 들이세요. 일라이자는 공연 도중 무대에서 쓰러진 이후로 기억상실증을 겪고 있습니다. 기억을 되찾을 유일한 희망은 의사 스턴과 실험 단계에 있는 그의 약뿐입니다.



이 게임에서는 일라이자로 플레이하며 스턴이 개발한 약의 효과에 이끌려 깨진 거울 너머의 현실과 세계를 탐험하게 됩니다. 사악한 인형들을 극복하거나 피하고 퍼즐을 풀며 기억을 되찾으세요. 과거의 수수께끼를 풀 수 있을까요? 아니면 이 어둡고 뒤틀린 현실에서 길을 잃어버리고 말까요?


Key Features

일라이자의 기억을 되찾으며 어둡고 뒤틀린 현실을 탐험하세요

게임 곳곳에 숨겨진 흥미진진한 디테일을 찾아보며 스릴 넘치는 내러티브를 체험하세요

여러분의 일거수일투족을 감시하는 무시무시한 인형 무리를 물리치거나 피하세요

재밌는 퍼즐을 풀며 수수께끼의 진실에 한 발짝씩 다가가세요

뇌리에 깊이 새겨지는 음악과 빈티지 누아르 스타일의 비주얼이 자아내는 오싹한 분위기를 체험하세요",Dollhouse: Behind the Broken Mirror,SOEDESCO PUBLISHING,https://image.api.playstation.com/vulcan/ap/rnd/202403/2208/320bd3e020485d653c8f7d851c089f880eac844ac856423b.jpg?w=1920,"액션, 공포",playstation
Fly Punch Boom!,https://store.playstation.com/ko-kr/concept/10011523,2025-02-07,https://image.api.playstation.com/vulcan/ap/rnd/202406/1315/eefd693da0726cc9e65fd9ae67828f6e051343c89a78e32b.png?w=1920,"플라이 펀치 붐!은 당신이 경험한 그 어떤 애니메 파이트 게임보다 크레이지한 게임입니다.

초고속으로 날아가 당신의 친구를 공격하고 거대한 행성을 반으로 쪼개버리세요. 고층빌딩과 살아있는 고래, 무시무시한 피라미드로 적의 얼굴을 가격하세요. 그리고 적과 당신의 특별한 능력을 쫓으세요. 이 모든 것이 통쾌한 펀칭 한 방이면 가능합니다!
외계인에게 납치당할 때까지 어퍼컷 당해보고 싶나요?
적을 먹어 치우고 소화시킨 방구의 힘으로 세계를 폭파시키고 싶나요?
엘비스 닮은꼴 새를 달의 엉덩이로 날려버리고 싶나요?

플라이 펀치 붐!에서는 이 모든게 실현 가능할 뿐 아니라, 이보다 더욱 기괴한 풍경들로 가득차 있습니다.

특징
- 로컬 및 온라인 멀티플레이어 게임입니다. 1-4명까지 플레이 가능(온라인 2명).
- 싱글플레이어를 위한 아케이드 모드, 잠금 캐릭터와 스킨 및 시크릿.
- 파괴 가능한 세계: 모든 것이 함정이고 무기입니다.
- 애니메 슈퍼 파이트: 플라잉 스매쉬, 우스꽝스런 표정, 기괴한 특수기능
- 40가지 마무리 기술: 고양이에게 구타당하거나, 지구를 반으로 쪼개거나, 달의 엉덩이에 낀 채 폭파당할 수 있습니다!
- 하이 임팩트 카툰 그래픽으로 광대한 우주에서 순식간에 우스꽝스런 캐릭터의 얼굴까지 확대됩니다.
- 기가막히는 Giorgiost의 애니메이션 사운드트랙!",Fly Punch Boom!,Gabriele Libera trading as Jollypunch Games,https://image.api.playstation.com/vulcan/ap/rnd/202406/1315/eefd693da0726cc9e65fd9ae67828f6e051343c89a78e32b.png?w=1920,"격투, 캐주얼, 액션",playstation
Morkull Ragast's Rage,https://store.playstation.com/ko-kr/concept/10009164,1985-09-13,-,-,Morkull Ragast's Rage,-,-,액션,playstation
Mycelium Heaven,https://store.playstation.com/ko-kr/concept/10012796,2025-02-28,https://image.api.playstation.com/vulcan/ap/rnd/202501/2012/28891f6fcd4e6ea2ac6ab77538404d72062819e35b0e363b.jpg?w=1920,"Mycelium Heaven은 좀비를 먹는 버섯을 주제로 한 아늑하면서도 도전적인 퍼즐 게임입니다. 당신은 퍼지고 성장하며 지혜와 논리를 사용해 숲을 탐험합니다. 복잡한 튜토리얼 없이 바로 뛰어들어 퍼즐로 가득한 매혹적인 세계를 발견하세요.

특징:

지혜와 창의력을 발휘해 숲을 도와주세요!
너무 늦기 전에 모든 도전을 극복하세요!
종말이 닥치기 전에 모든 좀비를 물리칠 수 있나요?",Mycelium Heaven,Dojo System S.L.,https://image.api.playstation.com/vulcan/ap/rnd/202501/2012/28891f6fcd4e6ea2ac6ab77538404d72062819e35b0e363b.jpg?w=1920,"전략, 퍼즐",playstation
Penguin Flight,https://store.playstation.com/ko-kr/concept/10013600,1985-09-13,-,-,Penguin Flight,-,-,"어드벤처, 캐주얼",playstation
Prison Architect 2,https://store.playstation.com/ko-kr/concept/10007831,1985-09-13,-,-,Prison Architect 2,-,-,"전략, 시뮬레이션",playstation
Stories from Sol: The Gun-Dog,https://store.playstation.com/ko-kr/concept/10009382,2025-02-20,https://image.api.playstation.com/vulcan/ap/rnd/202403/1913/694fee0bf2dcde5ce0853fd7ddaabf1532c6d311deaf8111.jpg?w=1920,"전쟁은 끝났다. 전쟁이 이제 막 시작되었습니다.

행성력 214년. 태양전쟁이 끝난 지 4년이 지났다. 전쟁에서 동료를 잃은 상처를 입은 우리의 주인공은 목성 우주 가장자리에서 오는 신비한 신호를 조사하라는 명령을 받고 파견된 목성 순찰선 건독(Gun-Dog)에 재배치됩니다.
Gun-Dog의 선원들은 모르는 사이에 별들의 바다 깊숙한 곳에 새로운 위험이 나타나 Gun-Dog뿐만 아니라 그녀의 모든 선원들을 위협합니다.

Gun-Dog의 보안 책임자가 되어 선원들 사이에서 일어나는 편집증, 음모, 복수심을 헤쳐나가면서 알려지지 않은 공격자로부터 배를 구해야 합니다. 동료애가 무너지면 앞으로 닥칠 어려움을 극복할 수 있을까요?


스토리 – 공허에서 새로운 위협이 등장합니다.

인류는 중력의 손아귀에서 벗어난 지 오래지만, 여전히 전쟁의 손아귀에서 벗어날 수는 없습니다.
행성력 214년입니다. 태양전쟁이 끝난 지 4년이 지났고 태양계 전체에는 불안한 평화가 지속되고 있습니다. 목성 순찰선 건도그(Gun-Dog)는 목성 우주 가장자리에서 나오는 신비한 신호를 조사하기 위한 정찰 임무를 위해 파견되었습니다. 일상적인 임무로 시작된 일은 알 수 없는 위협이 승무원을 위협하면서 생존을 위한 전투로 빠르게 확대됩니다.


게임플레이 – 조사. 상호작용. 분석. 전진.

Gun-Dog에 있는 동안 전통적인 포인트 앤 클릭 모험 메커니즘을 활용하여 배의 다양한 위치를 탐색하고, 풍부하게 구현된 배경의 세부 사항을 조사하거나 선상에 있는 다른 승무원과 대화할 수 있습니다. 중요한 단서나 이중적인 의도를 밝혀내기 위해서는 등장인물의 말을 주의 깊게 들어야 하며, 스토리를 진행하는 데 사용할 수 있는 배경의 핵심 아이템과 상호작용 요소를 계속 주시해야 합니다.


더 플레이스(The Place) - 완전히 탐험 가능한 배를 타고 모험을 떠나세요!

""Stories from Sol"" 시리즈 첫 번째 작품의 메인 스테이지인 목성 순찰선 Gun-Dog이 깊은 우주로 향하는 동안 게임 스토리의 배경이 됩니다. 철저하게 실현되었습니다. 기관실의 끊임없는 울림, 함교의 분주함, 우주의 고요함 등 배에 대한 풍부하고 연상적인 묘사는 몰입감 있는 경험을 제공하기 위해 세심하게 디자인되고 세부적으로 애니메이션 처리된 광범위한 장면과 쌍을 이룹니다. 애니메이션이 선박에 제공하는 최고에서 영감을 받아 기계화된 인간 모양의 전쟁 무기인 ""장갑 프레임""도 제공합니다.


캐릭터 – Gun-Dog의 승무원과 함께 탑승하세요!

모든 이야기는 사람에 관한 것이며 ""The Gun-Dog""의 출연진은 이야기에 생명을 불어넣었습니다. 그들의 매력과 카리스마로 인해 Astrolabe Games 팀은 Gun-Dog에 탑승하고 출판사로 등록하게 되었습니다. 우아하면서도 먼 거리의 Bartermews 선장부터 명랑한 Cassandra Quinn 중령, 독단적이고 횡포하는 Mackenzie Cathays 추장까지, ""The Gun-Dog""에는 여러분이 만날 수 있는 다양한 캐릭터가 등장합니다. 각 승무원은 뚜렷한 성격, 역할 및 역사를 가지고 있습니다. 그들과 그들의 특징을 알아보고, 이야기의 중심에 있는 미스터리를 풀기 위해 그들과 함께 일할 것인지 아니면 그들과 협력할 것인지 결정하십시오.",Stories from Sol: The Gun-Dog,Astrolabe Games,https://image.api.playstation.com/vulcan/ap/rnd/202403/1913/694fee0bf2dcde5ce0853fd7ddaabf1532c6d311deaf8111.jpg?w=1920,어드벤처,playstation
Suikoden I&II HD Remaster Gate Rune and Dunan Unification Wars,https://store.playstation.com/ko-kr/concept/10004292,2025-03-06,https://image.api.playstation.com/vulcan/ap/rnd/202406/1109/eef7db41005db9a152214f0e534947dbf27ef26d499ad345.png?w=1920,"【사전 예약 특전】
Suikoden I&II HD Remaster Gate Rune and Dunan Unification Wars을 예약 구매하면 특전이 제공됩니다.
아래 컨텐츠를 입수할 수 있습니다.
・57300 potch
・Fortune Orb 1개
・Prosperity Orb 1개

Suikoden I, II 에서 ""NEWGAME"" 시작 시 ""DLC pack (57,300 potch / Fortune Orb / Prosperity Orb)""을 소지한 상태에서 게임을 시작하기/시작하지 않기를 선택할 수 있는 권리
※potch：게임 내 재화
※Fortune Orb：캐릭터에 깃들이게 하면, 해당 캐릭터가 배틀 승리 시 얻는 경험치를 두 배로 늘린다.
※Prosperity Orb：캐릭터에 깃들이게 하면,배틀 승리 시 얻는 potch를 두 배로 늘린다.
※Suikoden I의 주인공에게는 위 Orb를 깃들게 할 수 없습니다.
※본 특전 부여는 2025/03/05 23:59(한국 시간)까지 제품 버전을 구입한 사람이 대상으로 특전이 부여됩니다.
※본 특전에 포함된 내용은 게임 플레이 중 입수가 가능합니다.


본 제품을 소지한 고객님께서는 해당 게임의 디지털 PS4® 버전과 디지털 PS5® 버전 모두를 보유하실 수 있습니다.

108명의 동료와 함께, 지금 소년의 운명이 움직이기 시작한다.
KONAMI가 선사하는 불후의 명작 RPG 『Suikoden I』＆『Suikoden II』가 HD리마스터로 등장!

『Suikoden I』 스토리
이야기는 영웅의 격변에서 시작된다. 과거의 영웅은 폭군으로 변했고, 제국은 몰락의 때를 맞이하고 있다.
거칠어진 제국의 강압에 저항하기 위해, 마침내 해방군이 일어섰다.
천지의 숙성 108명이 하나 둘 모여, 그 모여진 힘이 역사를 뒤흔든다.

『Suikoden II』 스토리
하이랜드 왕국의 소년병 부대 「유니콘 대」로서, 5도시 1기사단으로 구성된 조우스톤 도시동맹과의 길고 척박한 국경 전쟁에 참가했던 주인공과 조우이.
몇 달 전, 이들 두 세력 사이에 휴전협정이 체결되면서 싸움에 지쳐 있던 민중은 이를 환영했다. 하지만 새로운 싸움의 불은 계속 피어나고 있었다.....

『Suikoden I&II HD REMASTER』의 특징
・모든 배경 일러스트를 HD 일러스트로 일신
・최신 이펙트로 더욱 아름다운 도트 애니메이션을 표현
・물소리, 바람소리 등 필드 사운드를 대폭 추가
・배틀 사운드도 HD 음원화를 진행해 보다 리얼해진 소리를 선사
・오토세이브
・배속 배틀
・대사 로그 표시

이미 해당 게임의 PS4® 버전을 보유하고 계신 경우, 추가 비용이나 해당 제품을 구매할 필요 없이 PS5® 디지털 버전을 보유하실 수 있습니다.",Suikoden I&II HD Remaster Gate Rune and Dunan Unification Wars,KONAMI DIGITAL ENTERTAINMENT,https://image.api.playstation.com/vulcan/ap/rnd/202406/1109/eef7db41005db9a152214f0e534947dbf27ef26d499ad345.png?w=1920,롤플레잉 게임,playstation
Once Again,https://store.playstation.com/ko-kr/concept/10010898,2025-02-10,https://image.api.playstation.com/vulcan/ap/rnd/202501/2113/84002c4b8455ae3eff339f53a762f704d2a39f4197e990f8.png?w=1920,"원스 어게인과 함께 잃어버린 시간을 보상하세요,

시간 여행을 할 수 있다면 가장 먼저 만나고 싶은 사람은 누구일까요?

지루한 여름날 생일날 소원을 빌고 눈을 뜬 10대 소년 시아는 낯선 시간 속에서 만날 기회가 없던 익숙한 사람 앞에 서 있는 자신을 발견합니다.

그녀와 시아는 사진을 통해 유대감을 형성하고, 잃어버린 시간을 필름 한 롤 한 롤에 담아내게 됩니다.

그녀는 누구이며, 이 별이 교차하는 듀오에게 어떤 여정이 기다리고 있을까요?

작별은 결말일까요, 아니면 재회를 위한 약속일까요?
시간과 공간을 뛰어넘어 원스 어게인에서 그 답을 함께 찾아보세요.

특징 목록
- 시아는 매년 생일이 되면 평생 그리워했던 순간을 보상받습니다.

- 시아와의 시공간을 초월한 유대감은 여름의 가장 가슴 따뜻한 이야기가 될 것입니다.

- 몰입형 인터랙티브 게임플레이를 통해 문지르기, 글쓰기, 사진 찍기 등 매력적이고 간단하지만 만족스러운 게임플레이 메커니즘을 통해 시아의 행동을 직접 제어할 수 있습니다.

- 내러티브와 게임플레이를 아련하고 향수를 불러일으키는 여정으로 엮어낸 멋진 일러스트 아트 스타일.

- 초점, 노출 등 사진에서 영감을 받은 게임플레이 메커니즘은 시대를 초월한 예술 형식에 대한 완벽한 소개 역할을 합니다.


다시 한 번, WeiFan은 말로 표현할 수 없는 모든 감정과 생각을 진정으로 표현하는 멋진 트랙 라인업을 구성했으며, 여러분들이 저희 스토리에서 이를 경험할 수 있기를 기대합니다!","Once Again,안녕",AMATA K.K.,https://image.api.playstation.com/vulcan/ap/rnd/202501/2113/84002c4b8455ae3eff339f53a762f704d2a39f4197e990f8.png?w=1920,어드벤처,playstation
Luck be a Landlord,https://store.playstation.com/ko-kr/concept/10010938,2025-02-06,https://image.api.playstation.com/vulcan/ap/rnd/202409/1111/6638bc1669a8b3090dafe060809e6213d1003757383b8e10.jpg?w=1920,"집주인이 집세를 독촉하러 왔는데, 당신에겐 땡전 한 푼밖에 없네요. 그 한 푼을 슬롯머신에 넣었더니... 대박이네요! 오늘밤만큼은, 집주인이 될 수 있기를!

상징을 모아 조합 효과를 만들어서 자본주의를 격파할 수 있는 이 컬트적인 고전 로그라이크 덱 빌딩 게임이, 이제 뜨거운 성원을 받아 콘솔로 출시됩니다.

'집주인이 너무해'는 슬롯머신의 예측불가능한 스릴에 전략적인 깊이와 고전적인 덱 빌딩 게임의 반복체험성을 더했습니다. 슬롯머신에 추가할 상징을 선택하고, 회전시킬 때마다 상징들이 어떻게 코인의 획득에 기여하는지 확인하세요. 고양이나 보석, 과일 같은 것도... 여러분의 덱에 추가하실 건가요?

매 라운드마다 집세가 증가하지만, 걱정하지 마세요. 여러분의 솜씨라면 자본주의 정도는 이길 수 있을 테니까요. 다양한 아이템들 중에서 덱을 확장시킬 수 있는 아이템을 골라, 코인이 증가하는 모습을 확인하세요. 집주인의 탐욕을 언제까지 버티실 수 있을까요?

참고: 본 게임에는 소액결제나 현실의 재화를 사용하는 도박이 없습니다.

핵심 기능

- 기묘하고도 재밌는 캐릭터들
여러분의 슬롯머신에 상징을 추가하고, 상징들이 어떻게 서로 상호작용하며 강력한 콤보를 이루는지 확인하세요. 평범한 상징들을 유지하실 건가요, 좀 더 희귀한 것들을 노려보실 건가요?

- 푸짐한 아이템!
여러분의 빌드를 강화하거나, 추가 코인을 제공하거나, 새로운 효과를 자아내는 아이템으로 전략을 개선하세요.

- 돌릴 때마다 생기는 변화
150개의 상징과 220개의 아이템이 추가됐다면, 똑같은 게임이 아니겠죠! 플레이하면서 새로운 전략을 찾아보세요.

- 20가지 레벨
집주인을 물리치셨나요? 아직 더 남았답니다. 아파트의 상층부로 올라가면서 어려워지는 난이도를 극복해 보세요.

- 짤막한 플레이 시간
한 번 플레이하면 평균적으로 30분 정도가 걸리므로, 바쁘거나 시간의 압박이 상당한 상황에서도 문제가 없습니다.","Luck be a Landlord,집주인이 너무해",TrampolineTales LLC,https://image.api.playstation.com/vulcan/ap/rnd/202409/1111/6638bc1669a8b3090dafe060809e6213d1003757383b8e10.jpg?w=1920,전략,playstation
