url,title,date,imageurl,description,autokwd,company,screenshot,tag,platform
https://store.nintendo.co.kr/70010000088834,제노블레이드 크로니클스 크로스 디피니티브 에디션,2025-03-20,https://store.nintendo.co.kr/media/catalog/product/cache/a7267a3b8c99c74f0bde248fd00edb94/f/8/f85ce9c880ba7d4f806c5a7482dd3d1f011b4f629b8a262302815e3c3bbebe52.jpg,"현재 닌텐도 e숍에서 예약판매 중입니다.
닌텐도 온라인 스토어에서의 판매는 후일 실시 예정입니다.

2015년에 해외에서 Wii U 소프트웨어로 발매된 『Xenoblade Chronicles X』가 Nintendo Switch 버전 『제노블레이드 크로니클스 크로스 디피니티브 에디션』으로 등장합니다.
●새로운 땅에서 살아가기로 결정한 인류
이번 작품의 무대는 미지의 행성 「미라」. 외계 문명들의 전투에 휘말려 지구를 잃어버린 인류는 방랑 끝에 도달한 이 행성에서 살아갈 것을 결의하고, 새로운 거점 「뉴 로스앤젤레스(NLA)」를 만들어 냈습니다.
인류의 생존자로서 구조된 당신은 이 NLA를 거점으로 행성 미라를 탐색해 나갑니다.

●광대한 행성을 탐색
행성 미라는 무엇보다도 광대합니다. 필드 구석구석까지 탐색하며 개척을 진행해 나갑니다. 미라에는 많은 원시 생물이 서식하고 있기 때문에, 때로는 그들과의 전투가 기다리고 있습니다.

●인류가 개발한 병기 「돌」
스토리를 진행하면 행성 미라의 탐색과 배틀에 도움이 되는 병기 「돌」에 탑승할 수 있게 됩니다. 또한, 특정 퀘스트를 클리어하면 돌의 비행이 가능하게 되어, 탐색 범위가 단번에 넓어집니다.

●모래사장에 나타난 수수께끼의 인물
이번 작품에는 Wii U 버전에서 새롭게 추가된 스토리가 수록되어 있습니다.
또한, 이번 작품에는 Wii U 버전에서 배포된 유료 추가 콘텐츠가 전부 수록되어 있습니다.

「제노블레이드 크로니클스」 시리즈가 Nintendo Switch로 집결
『제노블레이드 크로니클스 크로스 디피니티브 에디션』의 등장으로 역대 「제노블레이드 크로니클스」가 Nintendo Switch에 모두 모입니다. 광대한 필드에서 펼쳐지는 모험과 장대한 스토리가 특징인 이 시리즈를 이번 기회에 플레이해 보는 건 어떠실까요?",제노블레이드 크로니클스 크로스 디피니티브 에디션,Nintendo,"https://store.nintendo.co.kr/media/catalog/product/cache/a7267a3b8c99c74f0bde248fd00edb94/f/8/f85ce9c880ba7d4f806c5a7482dd3d1f011b4f629b8a262302815e3c3bbebe52.jpg,https://store.nintendo.co.kr/media/catalog/product/cache/a7267a3b8c99c74f0bde248fd00edb94/9/0/905b34aef7513719641a558c612a0d43b92db62ddd15561776f2ac380c096e40.jpg,https://store.nintendo.co.kr/media/catalog/product/cache/a7267a3b8c99c74f0bde248fd00edb94/c/b/cb260b77797e7c5cb106595fcd8486139048239497120cdf0f81e7b46a40ecda.jpg,https://store.nintendo.co.kr/media/catalog/product/cache/a7267a3b8c99c74f0bde248fd00edb94/b/1/b1472a0c9662255b09f0aa3b19c4875f3e4cdca90a20e569bd42bfc81df26db0.jpg,https://store.nintendo.co.kr/media/catalog/product/cache/a7267a3b8c99c74f0bde248fd00edb94/9/c/9c2fd60b72d261edef32be071b29dd134920339d9fd8dd288dc38e3191e57f17.jpg,https://store.nintendo.co.kr/media/catalog/product/cache/a7267a3b8c99c74f0bde248fd00edb94/9/5/95281d1133e9b074610cc618fe6f495796c4858ed992e34679c6ca85ea8d1559.jpg,https://store.nintendo.co.kr/media/catalog/product/cache/a7267a3b8c99c74f0bde248fd00edb94/f/8/f85ce9c880ba7d4f806c5a7482dd3d1f011b4f629b8a262302815e3c3bbebe52.jpg",RPG,switch
https://store.nintendo.co.kr/70010000048817,Suikoden I&II HD Remaster Gate Rune and Dunan Unification Wars,2025-03-06,https://store.nintendo.co.kr/media/catalog/product/cache/a7267a3b8c99c74f0bde248fd00edb94/7/2/72438d0f1082bd2d1644a4b1fbdb6ac7547f46edfb65828d299af5658ba959aa.jpg,"예약구입 상품입니다.

KONAMI가 선사하는 불후의 명작 RPG 『Suikoden I』＆『Suikoden II』가 HD리마스터로 등장!
108명의 동료와 함께, 지금 소년의 운명이 움직이기 시작한다.
KONAMI가 선사하는 불후의 명작 RPG 『Suikoden I』＆『Suikoden II』가 HD리마스터로 등장!

『Suikoden I』 스토리
이야기는 영웅의 격변에서 시작된다. 과거의 영웅은 폭군으로 변했고, 제국은 몰락의 때를 맞이하고 있다.
거칠어진 제국의 강압에 저항하기 위해, 마침내 해방군이 일어섰다.
천지의 숙성 108명이 하나 둘 모여, 그 모여진 힘이 역사를 뒤흔든다.

『Suikoden II』 스토리
하이랜드 왕국의 소년병 부대 「유니콘 대」로서, 5도시 1기사단으로 구성된 조우스톤 도시동맹과의 길고 척박한 국경 전쟁에 참가했던 주인공과 조우이.
몇 달 전, 이들 두 세력 사이에 휴전협정이 체결되면서 싸움에 지쳐 있던 민중은 이를 환영했다. 하지만 새로운 싸움의 불은 계속 피어나고 있었다.....

『Suikoden I&II HD REMASTER』의 특징
・모든 배경 일러스트를 HD 일러스트로 일신
・최신 이펙트로 더욱 아름다운 도트 애니메이션을 표현
・물소리, 바람소리 등 필드 사운드를 대폭 추가
・배틀 사운드도 HD 음원화를 진행해 보다 리얼해진 소리를 선사
・오토세이브
・배속 배틀
・대사 로그 표시",Suikoden I&II HD Remaster Gate Rune and Dunan Unification Wars,KONAMI,"https://store.nintendo.co.kr/media/catalog/product/cache/a7267a3b8c99c74f0bde248fd00edb94/7/2/72438d0f1082bd2d1644a4b1fbdb6ac7547f46edfb65828d299af5658ba959aa.jpg,https://store.nintendo.co.kr/media/catalog/product/cache/a7267a3b8c99c74f0bde248fd00edb94/2/e/2e09183bdd6b25cb9ce0ffa6a0324c1bb94f22684652bdb3b0e2bdbaf72521ce.jpg,https://store.nintendo.co.kr/media/catalog/product/cache/a7267a3b8c99c74f0bde248fd00edb94/9/7/975895675d3c1aa29f13ccb1197bd15eed67ec8f2054417d68c93e3251f2e084.jpg,https://store.nintendo.co.kr/media/catalog/product/cache/a7267a3b8c99c74f0bde248fd00edb94/0/1/01eeb468dcfab15dac9ab79fe13cdd32293c4d188b2721ef301dee162d09708e.jpg,https://store.nintendo.co.kr/media/catalog/product/cache/a7267a3b8c99c74f0bde248fd00edb94/8/3/83d0bcf13dd8bc4d18a95a982a2d7b7d82c72a4ac8ef1bfc7921199deaa42c57.jpg,https://store.nintendo.co.kr/media/catalog/product/cache/a7267a3b8c99c74f0bde248fd00edb94/0/c/0cf1ce3bb8e93f6f426bb5c3c5d8554b76428b8b724439533a9cf6afe2a84cd6.jpg,https://store.nintendo.co.kr/media/catalog/product/cache/a7267a3b8c99c74f0bde248fd00edb94/b/0/b06f49f367877b32d33f25f3e096b79eb11b6454d04412fdde71bd58a9517568.jpg",RPG,switch
https://store.nintendo.co.kr/70010000076628,Godzilla Voxel Wars,2025-02-20,https://store.nintendo.co.kr/media/catalog/product/cache/a7267a3b8c99c74f0bde248fd00edb94/2/b/2bbd1ff42a5a282a4e5b15cf5533cae06f35f06e411c46a4d32b780728169379.jpg,"예약구입 상품입니다.

두뇌 싸움! 난이도 G(고질라)급 본격 턴제 전략 게임!
고질라, 모스라, 킹기도라가 8×8칸의 반상에서 대격전!
고질라를 탄생시킨 영화사・토호의 게임 레이블 『TOHO Games』×신진 기예의 게임 크리에이터 Nukenin 합동회사(Google Indie Game Festival 2021 TOHO Games상 수상)에 의해 만들어진,
전략×퍼즐 게임. 토호 괴수를 조종하여, 지구를 위협하는 버섯 괴수 『머시』를 격퇴하라! 스테이지를 진행하면 『머시』 습격 수수께끼의 진상이…?!

▷ 게임의 포인트:
▼『머시』를 쓰러뜨리자
토호 괴수들을 조종해서, 각지를 침략하는 『머시』를 공격하자!
배틀은 턴제로 진행되고, 클리어한 후에 턴 수가 적을수록 높은 포인트를 획득할 수 있다!

▼스테이지마다 최적의 전략을 찾아내자
6개의 월드마다 다양한 스테이지가 플레이어의 앞을 가로막는다.
클리어의 열쇠를 쥐고 있는 괴수나 조종 순서는 스테이지마다 다르니, 여러 번 시도해서 높은 포인트를 노리자!

▼매력적인 요소
월드에는 표면과 이면이라는 2가지 월드가 존재하고, 표면 월드를 클리어하면 고난이도의 이면 월드에 도전할 수 있다.
게다가 「스테이지 제작」 모드에서는, 플레이어가 직접 오리지널 스테이지를 만들어 공개할 수 있다.
오리지널 스테이지는 플레이한 횟수로 랭킹도 매겨지니, 마음에 드는 괴수가 활약하는 스테이지를 만들어서 공개해 보자!

▼오리지널 스토리
도대체 어떤 이유로 『머시』는 지구를 습격했는가?
어째서 고질라와 다른 괴수들은 『머시』와 싸우게 된 것인가?
각 스테이지에 흩어진 『조사서』를 찾아서, 수수께끼를 풀어나가자.",Godzilla Voxel Wars,TOHO,"https://store.nintendo.co.kr/media/catalog/product/cache/a7267a3b8c99c74f0bde248fd00edb94/2/b/2bbd1ff42a5a282a4e5b15cf5533cae06f35f06e411c46a4d32b780728169379.jpg,https://store.nintendo.co.kr/media/catalog/product/cache/a7267a3b8c99c74f0bde248fd00edb94/3/1/313524cd40f580fab3177a49acd4c5deb4062c300fed3bd036270ac096c9fb1c.jpg,https://store.nintendo.co.kr/media/catalog/product/cache/a7267a3b8c99c74f0bde248fd00edb94/9/5/95f5a73beab31c59cfc1a646f325209eaa7dbd2056e1c1c03aac2737921a64c9.jpg,https://store.nintendo.co.kr/media/catalog/product/cache/a7267a3b8c99c74f0bde248fd00edb94/e/2/e28cd6a1b87a479a3a1b85d2501b9105dd1fd27e5365d601667f11bfcaaf3082.jpg,https://store.nintendo.co.kr/media/catalog/product/cache/a7267a3b8c99c74f0bde248fd00edb94/8/a/8a2317f696caed1da3137931ea945584c7dc2cc9313fc6eac5845f64c0fc540c.jpg,https://store.nintendo.co.kr/media/catalog/product/cache/a7267a3b8c99c74f0bde248fd00edb94/2/2/2224f5eb2ce59bfb7e06fb22fd46f7df2cfdc4d335e6e50e67479a0c19f6dfaf.jpg,https://store.nintendo.co.kr/media/catalog/product/cache/a7267a3b8c99c74f0bde248fd00edb94/1/b/1bfcdd1bffd58ec64041a05a9d170fa981743b777a24eb32cff7e48cb95f5300.jpg","파티,전략,퍼즐,시뮬레이션",switch
https://store.nintendo.co.kr/70010000073080,Stories from Sol: The Gun-Dog,2025-02-20,https://store.nintendo.co.kr/media/catalog/product/cache/a7267a3b8c99c74f0bde248fd00edb94/9/4/9407c94effeaf7c6463c762c8ac91b81fcad639a505c69cece8c40616ada2725.jpeg,"예약구입 상품입니다.

전쟁은 끝났다. 전쟁은 이제 막 시작일 뿐이다.
행성 달력 214. 태양 전쟁이 끝난 지 4년이 지났습니다. 전쟁에서 동료 승무원을 잃은 상처에 시달리는 주인공은 목성 우주 끝에서 오는 신비한 신호를 조사하라는 명령을 받고 목성 순찰선 Gun-Dog에 재배치됩니다.
Gun-Dog의 승무원은 모르지만 별의 바다 깊은 곳에 새로운 위험이 도사리고 있으며 Gun-Dog뿐만 아니라 모든 승무원을 위협합니다.

Gun-Dog의 보안 책임자 역할을 맡아 알려지지 않은 공격자로부터 우주선을 구하고 승무원 사이에서 일어나는 편집증, 음모, 원한을 헤쳐 나가세요. 동료애가 깨지면서 기다리는 도전을 극복할 수 있을까요?

게임 - 레트로 애니메이션과 80년대 SF에 대한 러브레터

Stories from Sol: Gun-Dog는 고전적인 PC-9800 타이틀의 정신을 담은 비주얼 노벨 어드벤처입니다. 목성 순찰선이 별들 사이의 어둠 속으로 항해하면서 플레이어는 마치 80년대 SF에서 모험을 하는 것처럼 느낄 것이며, 자신들이 처한 미스터리를 해결할 것입니다.

스토리 - 공허에서 새로운 위협이 등장합니다.

인간은 오래 전에 중력의 손아귀에서 벗어났지만, 여전히 전쟁의 손아귀에서 벗어날 수 없습니다.
행성 달력으로 214년입니다. 태양 전쟁이 끝난 지 4년이 지났고 태양계 전체에 불안한 평화가 지속됩니다. 목성 순찰선 Gun-Dog는 목성 우주 끝에서 오는 신비한 신호를 조사하는 정찰 임무에 파견됩니다. 일상적인 임무로 시작했지만 알려지지 않은 위협이 승무원을 공포에 떨게 하면서 생존을 위한 전투로 빠르게 확대됩니다.

게임 플레이 - 조사. 상호 작용. 분석. 진행.

전통적인 포인트 앤 클릭 어드벤처 메커니즘을 활용하여 Gun-Dog에서 보내는 시간 동안 배의 다양한 위치를 탐색하고, 풍부하게 구현된 배경의 세부 사항을 조사하거나, 배 위의 다른 승무원과 대화할 수 있습니다. 중요한 단서나 이중적 의도를 밝히려면 캐릭터의 말을 주의 깊게 듣고, 스토리를 진행하는 데 사용할 수 있는 배경의 핵심 아이템과 상호 작용 요소를 주시해야 합니다.

장소 - 완전히 탐험 가능한 배에서의 모험!

""Stories from Sol"" 시리즈의 첫 번째 작품의 주요 무대인 목성 순찰선 Gun-Dog가 깊은 우주로 향하면서 게임 스토리의 배경 역할을 합니다. 완벽하게 구현되었습니다. 엔진실의 끊임없는 울림, 다리의 분주함, 우주의 고요함을 포함한 배의 풍부하고 감동적인 묘사는 세심하게 디자인되고 세부적으로 애니메이션화된 광범위한 장면과 결합되어 몰입감 있는 경험을 제공합니다. 애니메이션에서 제공하는 최고의 것에서 영감을 받은 이 배는 ""갑옷 프레임"", 기계화되고, 사람 모양의 전쟁 무기를 특징으로 합니다.

캐릭터 - Gun-Dog의 승무원과 함께 탑승하세요!

모든 스토리는 사람에 대한 것이고 ""The Gun-Dog""의 캐스트는 스토리에 생명을 불어넣습니다. 그들의 매력과 카리스마가 Astrolabe Games의 팀을 설득하여 Gun-Dog에 탑승하고 출판사로 등록하게 했습니다. 우아하면서도 냉정한 Bartermews 선장부터 쾌활한 중령 Cassandra Quinn, 단호하고 권위적인 Mackenzie Cathays 대장까지 ""The Gun-Dog""는 여러분이 만날 수 있는 광범위한 캐릭터를 특징으로 합니다. 각 승무원은 고유한 성격, 역할 및 역사를 가지고 있습니다. 그들과 그들의 기벽을 알아가고 이야기의 핵심에 있는 미스터리를 풀기 위해 그들과 협력할지, 아니면 그들과 맞서 싸울지 결정하세요.",Stories from Sol: The Gun-Dog,Astrolabe Games,"https://store.nintendo.co.kr/media/catalog/product/cache/a7267a3b8c99c74f0bde248fd00edb94/9/4/9407c94effeaf7c6463c762c8ac91b81fcad639a505c69cece8c40616ada2725.jpeg,https://store.nintendo.co.kr/media/catalog/product/cache/a7267a3b8c99c74f0bde248fd00edb94/9/0/906f8245255719d5f70e49da9d82b43e19eef9e132bb5b98799e23c58ce94670.jpeg,https://store.nintendo.co.kr/media/catalog/product/cache/a7267a3b8c99c74f0bde248fd00edb94/3/d/3d2fc364db16322c6978ab972b094db44f1a677f55f5f1ab07eddfa18209a766.jpeg,https://store.nintendo.co.kr/media/catalog/product/cache/a7267a3b8c99c74f0bde248fd00edb94/d/d/dd2ab8473cd3ed4185cae1b8e4f2574e69276a63f294f5071d6b884c708f0403.jpeg,https://store.nintendo.co.kr/media/catalog/product/cache/a7267a3b8c99c74f0bde248fd00edb94/a/0/a0c9b67148ea30eaa25984c1cd0d80021954c83711fe556acb55dbb843e5a4e3.jpeg,https://store.nintendo.co.kr/media/catalog/product/cache/a7267a3b8c99c74f0bde248fd00edb94/9/d/9de5e00b13ea4d402979e91cf4e21c3f9041f47791d4396c827726c2bbca7a60.jpeg,https://store.nintendo.co.kr/media/catalog/product/cache/a7267a3b8c99c74f0bde248fd00edb94/9/4/9407c94effeaf7c6463c762c8ac91b81fcad639a505c69cece8c40616ada2725.jpeg","RPG,어드벤처",switch
https://store.nintendo.co.kr/70010000072950,테일즈 오브 그레이세스 f 리마스터,2025-01-16,https://store.nintendo.co.kr/media/catalog/product/cache/a7267a3b8c99c74f0bde248fd00edb94/4/a/4a9ae3a5e0d2645535c57e17f7bf10df8a2dac3a76c3923f0887d613c2481cdb.jpg,"예약구입 상품입니다.

잊을 수 없는 마음이 있다. 지키고 싶은 사람들이 있다. 그래서 강해지고 다정해질 수 있다.
『테일즈 오브 그레이세스 f』가 더 아름답게, 더 편하게 즐길 수 있게 진화하여 다시 등장!
본편의 후일담인 「미래로의 계보 편」도 수록!

◆세계와 친구, 그날의 맹세를 지키기 위해
자연이 풍요로운 별 에피네아. 이곳은 원소(엘레스)라 불리는 힘을 기반으로 3개의 대국이 세계를 통치하고 있었다.
윈돌 변경의 땅, 란트령의 영주의 장남인 주인공 「아스벨」은, 꽃밭에서 만난 기억을 잃은 소녀에게 ""소피""라는 이름을 지어주고 왕자 「리처드」와 함께 셋이서 우정을 맹세한다.
시간은 흐르고 청년으로 성장한 아스벨과 동료들은 그날의 맹세와 자신들이 지켜야 할 것을 위해 세계의 운명을 건 싸움으로 몸을 던지게 된다――

◆엔딩 후의 세계를 그리는 「미래로의 계보 편」
전 세계를 돌아다니는 여행이 끝나고 반년 후. 소피는 남모를 고민을 품고 있었다.
「나는 모두랑 전혀 달라. 나도… 나도 모두와 같았다면 좋았을 텐데」
그와 같은 시기에 다시금 에피네아 전역에 퍼지는 이변. 아스벨은 소피가 마음에 걸리기는 해도 동료들과 함께 이변의 원인을 밝히기 위해 길을 떠나는데――

◆2개의 스타일을 나눠 구사하는 호쾌한 연격 액션
아츠 기술과 버스트 기술, 2개의 크게 다른 배틀 스타일을 전환하며 싸우는 「스타일 시프트 리니어 모션 배틀 시스템」을 채용.
주인공 아스벨은 발도/납도를 구분해 싸우며, 캐릭터마다 공격의 강약과 원근, 공격 범위의 크기를 상황에 맞게 나눠 쓸 수 있다.
전황에 따라 순식간에 배틀 스타일을 전환해서 연계를 이어나가면서 호쾌하고 다양한 전투 스타일을 즐길 수 있다.

◆편의 기능 추가와 그래픽 향상
자동 저장과 각종 스킵 기능, 필드와 던전 안에서 적과의 인카운트를 OFF할 수 있는 기능 등 편의 기능을 추가.
시리즈에서 친숙한 「그레이드 샵」도 처음부터 개방되어 있어 더욱 쾌적하게 게임을 즐길 수 있다.
또한, 그래픽도 향상되어 더욱 아름답게 진화한 『그레이세스 f』의 세계를 즐길 수 있다.

◆충실한 캐릭터 육성 및 아이템 요소
100종류를 넘는 칭호가 있으며, 장비하고 전투를 거듭하면 랭크가 오른다!
랭크가 오르면 다양한 스킬과 마법/기술을 습득할 수 있으며, 파라미터도 함께 올라 폭넓은 육성을 즐길 수 있다.
게다가 아이템 합성 시스템 「듀얼라이즈」를 통해 새로운 도구와 무기를 만들거나, 무기에 특수 효과를 달아서 강화할 수도 있다.


※본 상품 외에 다른 에디션도 별도로 판매 중입니다. 중복 구매에 주의하십시오.
※본 상품은 2010년에 발매된 『테일즈 오브 그레이세스 f』를 베이스로 개발된 제품입니다. (일부 사양이 다릅니다)
※기본 1인 플레이, 전투 시에 한해 최대 4인이 함께 플레이할 수 있습니다.",테일즈 오브 그레이세스 f 리마스터,BANDAI NAMCO Entertainment,"https://store.nintendo.co.kr/media/catalog/product/cache/a7267a3b8c99c74f0bde248fd00edb94/4/a/4a9ae3a5e0d2645535c57e17f7bf10df8a2dac3a76c3923f0887d613c2481cdb.jpg,https://store.nintendo.co.kr/media/catalog/product/cache/a7267a3b8c99c74f0bde248fd00edb94/4/a/4a9ae3a5e0d2645535c57e17f7bf10df8a2dac3a76c3923f0887d613c2481cdb.jpg,https://store.nintendo.co.kr/media/catalog/product/cache/a7267a3b8c99c74f0bde248fd00edb94/c/2/c28522fe47c238bd45f2b5a6ec6c744c5608372a5ce34734a6e13677c197e4ae.jpg,https://store.nintendo.co.kr/media/catalog/product/cache/a7267a3b8c99c74f0bde248fd00edb94/b/d/bd726e5a2ce3fdf0026de237913c70e3d3f7f2eceb80dda13c2b004aadd69c87.jpg,https://store.nintendo.co.kr/media/catalog/product/cache/a7267a3b8c99c74f0bde248fd00edb94/5/6/565cb7e579c2bff2b4f9edbe2a0bfd6fda5f7092966c05ddd758a6169702b4c3.jpg,https://store.nintendo.co.kr/media/catalog/product/cache/a7267a3b8c99c74f0bde248fd00edb94/1/8/18dfdbfae220a9fa7a94e6bca2d0db457741c25714567282c9462ce996c1f2af.jpg,https://store.nintendo.co.kr/media/catalog/product/cache/a7267a3b8c99c74f0bde248fd00edb94/9/8/98836c3478f34b0c680c5ba9a6d39013ac15dec73644f0476fbd679506faa5cd.jpg","액션,RPG",switch
https://store.nintendo.co.kr/70010000084605,동키콩 리턴즈 HD,2025-01-16,https://store.nintendo.co.kr/media/catalog/product/cache/a7267a3b8c99c74f0bde248fd00edb94/6/b/6b151e530af2b6afa02f9d826dafe3e020ace6b0a2c9ed4262b731b1ea784b93.jpg,"현재 닌텐도 e숍에서 예약판매 중입니다.
닌텐도 온라인 스토어에서의 판매는 후일 실시 예정입니다.

다시 돌아온 리턴즈! 『동키콩 리턴즈』가 HD로 등장
닌텐도 3DS 버전에 수록된 코스를 포함해 총 80 코스에서 동키콩이 대활약!

동물을 조종하는 티키족에게 빼앗겨 버린 대량의 바나나를 되찾기 위한 모험이 시작됩니다.
앞길을 가로막는 적을 밟고, 치고, 구르고… 동키콩 특유의 액션으로 장치가 가득한 코스에 도전합니다.
그 밖에도 달리기 시작하면 멈추지 않는 광차나, 하늘을 날 수 있는 로켓나무통, 동물친구 람비 등, 다양한 탈것을 이용해 길을 개척해 나갑니다.

Joy-Con을 나눠 잡으면 힘이 센 동키콩과 몸놀림이 가벼운 디디콩을 조작, 협력하면서 모험을 즐길 수 있습니다.",동키콩 리턴즈 HD,Nintendo,"https://store.nintendo.co.kr/media/catalog/product/cache/a7267a3b8c99c74f0bde248fd00edb94/6/b/6b151e530af2b6afa02f9d826dafe3e020ace6b0a2c9ed4262b731b1ea784b93.jpg,https://store.nintendo.co.kr/media/catalog/product/cache/a7267a3b8c99c74f0bde248fd00edb94/2/7/2760a39b14f14d43162e45cfdd6daa2c8fcafe45a404b9d6394fec3c0b1bcea6.jpg,https://store.nintendo.co.kr/media/catalog/product/cache/a7267a3b8c99c74f0bde248fd00edb94/7/b/7bdf9f27403b8bd03c25c728f89f13f7314745032e6f67a19c7a979d8be1ba4e.jpg,https://store.nintendo.co.kr/media/catalog/product/cache/a7267a3b8c99c74f0bde248fd00edb94/8/6/8625196f5540bb9016fd0e9fb4e12bd3743acfeb1da9eb4c0ab6750495de047e.jpg,https://store.nintendo.co.kr/media/catalog/product/cache/a7267a3b8c99c74f0bde248fd00edb94/5/5/552c6682f406026678c9acd6f6d5e925c2ff7b75939c478d0d0f43aba553e195.jpg,https://store.nintendo.co.kr/media/catalog/product/cache/a7267a3b8c99c74f0bde248fd00edb94/7/f/7f4032617a7e89b1dad5e5cf89e1d4a74e675a715286592b855697b233e708ad.jpg,https://store.nintendo.co.kr/media/catalog/product/cache/a7267a3b8c99c74f0bde248fd00edb94/3/8/38e4a692ad9c1d2cad145f9aca238edfa4c3eb0af29da1995c11b6613d7bf744.jpg",액션,switch
https://store.nintendo.co.kr/70010000077518,Voice Love on Air,2024-12-19,https://store.nintendo.co.kr/media/catalog/product/cache/a7267a3b8c99c74f0bde248fd00edb94/2/2/223412146c5806e404b1472763f628c3f501c9c7c3a4052221454ea821dfd958.jpg,"예약구입 상품입니다.

마음의 에코를 올리다......
Voice Love on Air는 경영과 연애 시뮬레이션을 결합한 BL 게임으로, 음향 감독과 보이스 드라마 제작을 주제로 합니다.

주인공 아키(Aki)는 목소리를 통해 화자의 진실한 감정을 느끼고 진실과 거짓을 구별할 수 있는 특별한 능력을 가지고 있습니다. 그는 혼자서 녹음 사무소를 차렸지만, 경영 위기에 빠져 재정 문제를 해결하고자 친구의 도움으로 BL 보이스 드라마를 녹음하게 됩니다. 이 과정에서 아키는 개성 넘치는 네 명의 성우들과 만나 보이스 드라마를 준비하며 각기 다른 감동적인 러브 스토리를 경험합니다.

게임이 진행되는 2년 동안, 아키는 사랑하는 사람과의 관계를 발전시킬까, 아니면 자신의 커리어에 집중하여 유명한 음향 감독이 될 것인까?

게임 특징:

- 녹음 사무소 경영 시뮬레이션, 끊임없는 도전 속에서 기술을 연마하여 유명 감독으로 성장하라.
- 자신만의 시간표를 짜서, 일하는 동시에 외출해서 다양한 캐릭터들과 우연히 만나 그들의 이야기를 알아보자.
- 사와 마나카(Sawa manaka), 히이라기 산타(Hiiragi sannta) 등 유명 성우진들이 개성 넘치는 네 명의 공략 가능한 캐릭터에 목소리를 연출한다.
- 20개의 풍성한 주제의 보이스 드라마와 8개의 업종별 프로젝트를 즐겨라.
- 성우를 자유롭게 선택해서, 원하는 조합으로 보이스 드라마를 녹음하라.
- 무려 20만 자 분량의 스토리 텍스트와 30장 넘는 아름다운 CG로 캐릭터 간의 감동적인 이야기를 담았다.
- 소프트스타 엔터테인먼트(Softstar Entertainment)의 전속 음악가인 쩡 즈하오(Rizet Tsen)가 심혈을 기울여 제작한 타이틀 곡과 캐릭터 송 등 20곡 이상의 BGM을 게임에 수록한다.",Voice Love on Air,Game Source Entertainment,"https://store.nintendo.co.kr/media/catalog/product/cache/a7267a3b8c99c74f0bde248fd00edb94/2/2/223412146c5806e404b1472763f628c3f501c9c7c3a4052221454ea821dfd958.jpg,https://store.nintendo.co.kr/media/catalog/product/cache/a7267a3b8c99c74f0bde248fd00edb94/f/7/f7d1c697fb8adf6207180fd4a63b74c5f9a10e702e6c5a14baa295517c55ea45.jpg,https://store.nintendo.co.kr/media/catalog/product/cache/a7267a3b8c99c74f0bde248fd00edb94/1/0/10bf66f14171d33022e7f86e019f4a8a7f4a3dec479350acf0f911f6b5ef7f21.jpg,https://store.nintendo.co.kr/media/catalog/product/cache/a7267a3b8c99c74f0bde248fd00edb94/e/4/e4611172519db6e4c3bd89922795367e0b1d52e11b0f53abdc9df1ba9f3a8d14.jpg,https://store.nintendo.co.kr/media/catalog/product/cache/a7267a3b8c99c74f0bde248fd00edb94/f/9/f9e9b48bb03cd2ae2fa50096da59ff3904857967bc03b29d90bbaf5961bf9265.jpg,https://store.nintendo.co.kr/media/catalog/product/cache/a7267a3b8c99c74f0bde248fd00edb94/b/0/b0e566339f0a9617d6ddc2aa82b110d2965153f6fe8c4d040dc2059296c3e072.jpg,https://store.nintendo.co.kr/media/catalog/product/cache/a7267a3b8c99c74f0bde248fd00edb94/0/7/073b86dbf4d1db95f0c62f7eb8063cb265814b84a288d2351f88008595b83204.jpg","어드벤처,시뮬레이션",switch
https://store.nintendo.co.kr/70010000082887,FAIRY TAIL 2,2024-12-12,https://store.nintendo.co.kr/media/catalog/product/cache/a7267a3b8c99c74f0bde248fd00edb94/4/7/47688cc96005bb5b2a97c4f1eae4f1a52feac8b589b8931baa2bc67f1fbf0190.JPG,"예약구입 상품입니다.

페어리 테일 최후의 결전이 시작된다.
『FAIRY TAIL 2』는 세계 누계 발행부수 7,200만부의 세계적인 인기를 자랑하는 마법 배틀 판타지「FAIRY TAIL（페어리 테일）」의 신작RPG입니다.
2020년 발매된 『FAIRY TAIL』의 속편인 본 작품에서는, 원작의 클라이맥스인「알바레스 제국편」의 이야기가 펼쳐집니다.

《본 제품의 포인트》
■원작의 클라이맥스를 게임으로 체험하라!
최종장「알바레스 제국편」의 드라마틱한 전개를 RPG로
주인공　「나츠」와「루시」, 「페어리 테일」의 길드 멤버를 조작하여,
알바레스 제국의 황제 스프리건이자 최대의 적 「제레프」와 황제의 방패 「스프리건 12」, 세계를 파괴하는 「흑룡・아크노로기아」와의 치열한 전투를 체험할 수 있습니다.

■개성 넘치는 캐릭터에 의한 화려한 마법 배틀이 전개!
전작의 배틀 시트템을 업데이트. 전투는 리얼타임으로 진행되며,
전작 이상으로 화려하고 박력 넘치는 마법 배틀이 전개됩니다.
풍부한 전략적 요소를 활요하여, 상쾌한 배틀을 즐길 수 있습니다.

■최후의 전장「피오레 왕국」을 심레스로 만끽하라!
「페어리 테일」원작의 세계를 아름다운3D그래픽으로 재현.
마치 원작의 세계를 직접 걸어다니는 듯한 체험이 가능합니다.

■ 원작의 최후를 다룬 완전 오리지널 스토리 등 게임 고유 요소를 다수 구현!
원작의 싸움이 끝난 뒤의 오리지널 스토리 「숨겨진 비경의 열쇠」를 수록.
캐릭터의 새로운 일면을 확인할 수 있는 「캐릭터 스토리」 등, 오리지널 요소 또한 다수 구현.

※콘텐츠 상세 정보는 공식사이트(https://fairytailgame.com/2/jp/)를 확인부탁드립니다.",FAIRY TAIL 2,KOEI TECMO GAMES,"https://store.nintendo.co.kr/media/catalog/product/cache/a7267a3b8c99c74f0bde248fd00edb94/4/7/47688cc96005bb5b2a97c4f1eae4f1a52feac8b589b8931baa2bc67f1fbf0190.JPG,https://store.nintendo.co.kr/media/catalog/product/cache/a7267a3b8c99c74f0bde248fd00edb94/5/a/5ab9fde4e4b73ce9d431e9ce1df416fa9230e57019234b8899cbb4a03a7875f1.JPG,https://store.nintendo.co.kr/media/catalog/product/cache/a7267a3b8c99c74f0bde248fd00edb94/0/a/0aff113e3ed53877ae8c6961773c429cef48efe2efeeaa461b19ed7cb6f6a0ff.JPG,https://store.nintendo.co.kr/media/catalog/product/cache/a7267a3b8c99c74f0bde248fd00edb94/4/1/415a6e7a5557ffed330452fbdd51d78785fc02df4d3053e6857bafdf922a06cd.JPG,https://store.nintendo.co.kr/media/catalog/product/cache/a7267a3b8c99c74f0bde248fd00edb94/e/5/e52431c0a8fb1c94e3a2927c8451f90f655b293c833db1a5f806e852a54e3154.JPG,https://store.nintendo.co.kr/media/catalog/product/cache/a7267a3b8c99c74f0bde248fd00edb94/f/8/f85fb12bb709ebc222124823d1740507167251581c493cc20a7df443c5e1ca3f.JPG,https://store.nintendo.co.kr/media/catalog/product/cache/a7267a3b8c99c74f0bde248fd00edb94/4/7/47688cc96005bb5b2a97c4f1eae4f1a52feac8b589b8931baa2bc67f1fbf0190.JPG","액션,RPG",switch
https://store.nintendo.co.kr/70010000085128,Neon Beats,2024-12-12,https://store.nintendo.co.kr/media/catalog/product/cache/a7267a3b8c99c74f0bde248fd00edb94/9/d/9d6f4cc31b81ad88fb22bcf0d5751d513093422a13f0196c63133cb37f7fe6cb.jpg,"예약구입 상품입니다.

리듬 기반 레벨이 있는 2D 플랫포머 게임인 네온 비츠에서 최고 점수를 달성하세요!
네온 비츠는 2D 사이드뷰 플랫포머 게임으로, 플레이어는 흥겨운 음악에 맞춰 다양한 레벨에서 진화하게 됩니다.

최대한 빨리 레벨을 완료하세요!
여러 숨겨진 수집품을 수집하세요!
다양한 도전적인 장애물을 극복하세요!

네온 비트에서는 다음을 찾을 수 있습니다:
- 자체 음악이 있는 8가지 레벨
- 리듬 기반 게임 플레이
- 부드럽고 반응이 빠른 컨트롤을 가진 캐릭터
- 심플하고 우아한 네온 분위기
- 몇 가지 도전적인 레벨 요소
- 음악에 악기를 추가하는 숨겨진 수집품
- 시간, 수집품 및 사망에 따른 점수 시스템",Neon Beats,OKYO GAMES,"https://store.nintendo.co.kr/media/catalog/product/cache/a7267a3b8c99c74f0bde248fd00edb94/9/d/9d6f4cc31b81ad88fb22bcf0d5751d513093422a13f0196c63133cb37f7fe6cb.jpg,https://store.nintendo.co.kr/media/catalog/product/cache/a7267a3b8c99c74f0bde248fd00edb94/e/a/eaf19498caf154c56e874d50b35cf577dc6bc6e3afb6688bbc8e861328881c64.jpg,https://store.nintendo.co.kr/media/catalog/product/cache/a7267a3b8c99c74f0bde248fd00edb94/9/9/990173929f1af8189d8b2fb5d28f93a0f6ce75b821ca4ede7d31a149ae2b7ab1.jpg,https://store.nintendo.co.kr/media/catalog/product/cache/a7267a3b8c99c74f0bde248fd00edb94/d/7/d732991ecdbef1fd036f8684635f6322e372846cae74ff6b37beb36330b9d015.jpg,https://store.nintendo.co.kr/media/catalog/product/cache/a7267a3b8c99c74f0bde248fd00edb94/e/a/ea42209f879f05d4c5ae76fb9d919f7d6624f6ece0da0184b7d4378483cd0d14.jpg,https://store.nintendo.co.kr/media/catalog/product/cache/a7267a3b8c99c74f0bde248fd00edb94/d/0/d098f1e3001373869b9618bc220d143d7a423d63bd8fb7df93840e06e98a8a1b.jpg,https://store.nintendo.co.kr/media/catalog/product/cache/a7267a3b8c99c74f0bde248fd00edb94/9/d/9d6f4cc31b81ad88fb22bcf0d5751d513093422a13f0196c63133cb37f7fe6cb.jpg","액션,음악,아케이드",switch
https://store.nintendo.co.kr/70010000084995,Azura's Crystals,2024-12-12,https://store.nintendo.co.kr/media/catalog/product/cache/a7267a3b8c99c74f0bde248fd00edb94/5/c/5c683d9cae3d7c4491837bc969a0a18957bb3f244d2c800ca8feb664ad564fa8.jpg,"예약구입 상품입니다.

당신의 운명을 결정하는 비밀을 밝혀내세요!!
자연을 활용한 모험을 시작하세요: 호기심이 많고 자연을 사랑하는 모험가인 Azura의 입장이 되어 신비한 Primalis 생물의 비밀과 강력한 수정과의 관계를 밝혀내세요. 탐험할 다양한 풍경, 풀어야 할 퍼즐, 만날 생물이 있는 Azura's Crystals는 경이로움과 발견으로 가득한 마법의 세계로 뛰어들고 싶은 플레이어에게 몰입형 경험을 제공합니다.
특징:

스토리 중심 탐험: Azura가 울창한 숲에서 위험한 동굴까지 여행하는 동안 풍부한 이야기를 통해 고대 지식을 발견하고 프리마리리스의 미스터리를 풀어보세요.

역동적인 전투 시스템: 원소 수정 능력의 조합을 사용하여 적과 전투를 벌이세요. 엄청난 힘을 지닌 강력한 베스페리안을 전략적으로 소환하여 공격과 방어 모두에서 도움을 받으십시오.

제작 및 자원 관리: 주변에서 희귀한 자원을 수집하고 도구, 물약, 업그레이드를 제작하여 탐색에 도움을 주세요. 이를 사용하여 새로운 능력을 잠금 해제하고 점점 더 어려워지는 도전에 맞서세요.

퍼즐 해결 및 유적 탐험: 프리마리리스와 그들의 세계에 대한 깊은 이해가 필요한 환경 퍼즐과 고대 유적을 통해 재치를 테스트하세요.

멋진 환경: 각각 독특한 동식물, 위험 요소가 있는 아름답게 제작된 다양한 환경을 여행하세요. 고요한 숲부터 위험한 동굴, 잊혀진 폐허까지, 모든 장소가 이야기의 일부를 말해줍니다.

베스페리안: 프리마리리스 크리스탈의 원소 힘을 활용하여 전투, 연구, 심지어 탐험까지 도와주는 경외심을 불러일으키는 생물인 베스페리안을 불러냅니다. 각 베스페리안은 시간이 지남에 따라 업그레이드할 수 있는 고유한 능력을 제공합니다.",Azura's Crystals,SOFT SOURCE,"https://store.nintendo.co.kr/media/catalog/product/cache/a7267a3b8c99c74f0bde248fd00edb94/5/c/5c683d9cae3d7c4491837bc969a0a18957bb3f244d2c800ca8feb664ad564fa8.jpg,https://store.nintendo.co.kr/media/catalog/product/cache/a7267a3b8c99c74f0bde248fd00edb94/5/c/5c683d9cae3d7c4491837bc969a0a18957bb3f244d2c800ca8feb664ad564fa8.jpg,https://store.nintendo.co.kr/media/catalog/product/cache/a7267a3b8c99c74f0bde248fd00edb94/c/3/c3be7ef3c3357926ba16c0262af35679ae80b7a6cd22ac5c5e1ffe2ea0ca3411.jpg,https://store.nintendo.co.kr/media/catalog/product/cache/a7267a3b8c99c74f0bde248fd00edb94/d/2/d2d78f068096fcfc1b6f2a6642e4973bc841d347a6088c3a3623a0d37ccc1107.jpg,https://store.nintendo.co.kr/media/catalog/product/cache/a7267a3b8c99c74f0bde248fd00edb94/3/6/3609698fbee3697658ea0a2ae8cdded674e2066f2e9dd427133d84eae1e0ac7d.jpg,https://store.nintendo.co.kr/media/catalog/product/cache/a7267a3b8c99c74f0bde248fd00edb94/c/a/cae4fe88c2eeb93386a187b3ad55f13da7c5a2b2eeb6f998d1f60ae9b2abc42c.jpg,https://store.nintendo.co.kr/media/catalog/product/cache/a7267a3b8c99c74f0bde248fd00edb94/8/a/8a874549925601f8715e444104c9cf2b5f2fec3e9a8ae4b5fd89f8c16e3183af.jpg","어드벤처,퍼즐,시뮬레이션",switch
https://store.nintendo.co.kr/70010000088426,소코다이스,2024-12-12,https://store.nintendo.co.kr/media/catalog/product/cache/a7267a3b8c99c74f0bde248fd00edb94/0/d/0d5010723bca3979563b6aee17064d3d0cf231d6b8d381a68058d59ed2b9c69c.jpg,"예약구입 상품입니다.

주사위를 굴려 숫자를 맞추는 퍼즐 게임
소코다이스는 주사위를 밀어 어려운 레벨을 통과하여 지정된 타일의 숫자와 주사위의 숫자를 맞춰야 하는 퍼즐 게임입니다.

특징:
- 11개의 독특한 세계에서 100개 이상의 레벨
- 다양한 능력을 가진 독특한 주사위
- 다양한 게임 메커니즘
- 편안한 분위기
- 아름다운 사운드트랙",소코다이스,The Socially Awkward Studio,"https://store.nintendo.co.kr/media/catalog/product/cache/a7267a3b8c99c74f0bde248fd00edb94/0/d/0d5010723bca3979563b6aee17064d3d0cf231d6b8d381a68058d59ed2b9c69c.jpg,https://store.nintendo.co.kr/media/catalog/product/cache/a7267a3b8c99c74f0bde248fd00edb94/6/6/66c86b14c33a14bbf9240fa0302a96c189a301fee034f8d32330540d33a8c559.jpg,https://store.nintendo.co.kr/media/catalog/product/cache/a7267a3b8c99c74f0bde248fd00edb94/1/4/1476e5c702819c297a8e1c496b9d46157ebb7c0dbc9ca58260f20622f8882368.jpg,https://store.nintendo.co.kr/media/catalog/product/cache/a7267a3b8c99c74f0bde248fd00edb94/2/e/2e0b506b772f88e0a67a26521d7bf2191883f176faa3d43c0870be35c1855d9c.jpg,https://store.nintendo.co.kr/media/catalog/product/cache/a7267a3b8c99c74f0bde248fd00edb94/8/e/8e8520b2df44d800b7c215031950c5f1612c0a7bc4e3555a2fa1e69d32d107c4.jpg,https://store.nintendo.co.kr/media/catalog/product/cache/a7267a3b8c99c74f0bde248fd00edb94/7/c/7cf6a6b0e77a9ef8989c51b4307fdc4c9b9efa9edbc1e27e6aa7535e5ecc3fb9.jpg,https://store.nintendo.co.kr/media/catalog/product/cache/a7267a3b8c99c74f0bde248fd00edb94/0/c/0c0d4b6af62522cfc4f8ea1c85aa62f9c4d38e5bf814567ab8235daf44268f79.jpg","전략,퍼즐,보드",switch
https://store.nintendo.co.kr/70010000086817,Disney Music Parade -Encore,2024-12-12,https://store.nintendo.co.kr/media/catalog/product/cache/a7267a3b8c99c74f0bde248fd00edb94/0/a/0ae1a12495b8c61148940c154879b337bd13650d700caba73ae61671ef38d098.jpg,"예약구입 상품입니다.

눈부시게 빛나는 명곡의 퍼레이드 속으로!
혼자서, 가족과 그리고 친구와 재미있게!
디즈니 명곡에 맞춰 기차를 타고 일루미네이션처럼 빛나는 스테이지를 마음껏 달려 보세요!
놀이 기구에 올라탄 것 같은 즐거움을 선사하는 리듬 게임, ""Disney Music Parade -Encore-""가 Nintendo Switch™에 등장했습니다.

■디즈니 명곡을 들으며 즐기는 리듬 액션 게임
꿈과 모험이 가득한 디즈니 세계를 체험할 수 있는 명곡 60곡을 수록했습니다. 게임을 플레이하며 ""뮤직 키""를 획득하면 새 곡을 해제해 플레이할 수 있습니다.
마음에 드는 곡을 먼저 골라도 좋고, 감명 깊었던 작품을 중심으로 골라도 좋습니다. 원하는 순서대로 게임 내에 준비된 모든 곡을 해제해 보세요!

음악마다 전 세계에서 사랑받는 디즈니 캐릭터와 애니메이션을 재현한 스테이지를 준비하였습니다. 빛나는 스테이지 속을 달려 나가는 기차를 따라, 리듬에 맞춰 컨트롤러 버튼을 누르며 음악을 연주해 보세요!

■혼자서도, 여럿이 모여도 재미있게
본체 1대로 최대 4명까지 동시에 플레이할 수 있습니다. 또한 플레이어의 취향에 따라 선택할 수 있는 4가지 난이도 외에도 버튼을 누를 필요 없이 Joy-Con™을 ""흔들기""만 해도 음악을 연주할 수 있는 ""흔들흔들"" 모드를 수록했습니다. 리듬 게임 고수도, 초보도, 어린이도 다 함께 재미있게 플레이해 보세요!

■게임을 진행하며 모으는 수집 요소
화려하고 알록달록한 화풍으로 그린 디즈니 캐릭터의 모습이 담긴 ""뮤직 라이드"", 디즈니 애니메이션 작품 속 여러 명장면을 간직한 ""메모리 크리스털"" 등 다양한 수집 요소도 한가득! 추억의 작품 속 명장면이나 좋아하는 캐릭터를 모아 도감을 완성해 보세요!",Disney Music Parade -Encore,Imagineer,"https://store.nintendo.co.kr/media/catalog/product/cache/a7267a3b8c99c74f0bde248fd00edb94/0/a/0ae1a12495b8c61148940c154879b337bd13650d700caba73ae61671ef38d098.jpg,https://store.nintendo.co.kr/media/catalog/product/cache/a7267a3b8c99c74f0bde248fd00edb94/9/0/901794c21c2ba999a04da01d4a5015e096e5d4fd12c62869c3d1ec04ba115e17.jpg,https://store.nintendo.co.kr/media/catalog/product/cache/a7267a3b8c99c74f0bde248fd00edb94/3/b/3bd1363930816c5fc3e89297435588a22f0cc7d13b461b7db702f377ebe0e784.jpg,https://store.nintendo.co.kr/media/catalog/product/cache/a7267a3b8c99c74f0bde248fd00edb94/0/8/08a09b1b4e3caa84a8750f48a03d268d507eaea2fe632779c7526cb65b98c8b5.jpg,https://store.nintendo.co.kr/media/catalog/product/cache/a7267a3b8c99c74f0bde248fd00edb94/0/8/08a79cf544be83bad2a0aad10acdda265ce03c21402dd357e52376e4b137a992.jpg,https://store.nintendo.co.kr/media/catalog/product/cache/a7267a3b8c99c74f0bde248fd00edb94/9/8/98f067277bdea15d95e69e76ce0bcab3230d828a2aa3fcd12ec99ed5ea30ecc1.jpg,https://store.nintendo.co.kr/media/catalog/product/cache/a7267a3b8c99c74f0bde248fd00edb94/0/a/0ae1a12495b8c61148940c154879b337bd13650d700caba73ae61671ef38d098.jpg","액션,음악",switch
https://store.nintendo.co.kr/70010000089523,Fitness Boxing 3: Your Personal Trainer,2024-12-05,https://store.nintendo.co.kr/media/catalog/product/cache/a7267a3b8c99c74f0bde248fd00edb94/d/b/dbe3baebd0acbb3a35c6707b06d34a916510982aa1cde8cabb7f9af04c294a98.jpg,"예약구입 상품입니다.

오늘부터 시작하는 운동 습관
게임 속의 트레이너에게 직접 지도를 받으며 Joy-Con™을 사용해 리듬게임 감각으로 펀치를 하는 복싱 운동 게임 「Fitness Boxing」 시리즈의 최신작!

“오늘부터 시작하는 운동 습관”을 콘셉트로, 시리즈 경험자는 물론, 처음 플레이하시는 분들도 운동을 기분 좋게 진행할 수 있는 구성과 기능을 다수 수록하고 있습니다.

▼유저에게 최적의 운동을 제안
시리즈로 익숙한 「데일리」 모드가 보다 지속하기 쉽도록 진화!
전작에서 새롭게 변화한 운동 중에서 유저에게 최적화된 「퍼스널 프로그램」의 제안이 진행되는 것 외에도 플레이 상황에 따른 메뉴의 변경 제안이 이뤄집니다. 추가로 더욱 힘들게 만들어주는 「추가 트레이닝」이 제안되기도 합니다.
또한, 새롭게 탑재된 「바로 트레이닝」 모드는, 게임 기동 후 바로 「데일리」가 스타트.
의욕이 생긴 타이밍을 놓치지 않고 운동을 진행하게 됩니다.

▼시리즈 최초, 새로운 플레이스타일
・자신의 페이스로 펀치의 연습에 집중하고 싶을 때 추천하는 「미트 치기」
・앉아서 운동할 수 있고, 다리나 허리가 불편하거나 지친 날 등에 몸의 부담을 조정하면서 플레이할 수 있는 「체어 피트니스」

그 날의 몸 상태나 기분에 따라 고를 수 있는 운동의 종류가 늘어났습니다.

▼지금까지 이상으로 다가와 주고 서포트해 주는 트레이너
총 6명의 트레이너가, 운동 중의 지도뿐만 아니라, 때로는 각각의 에피소드 대화를 나누면서, 전작 이상의 친근한 거리감으로 트레이닝을 서포트.
의상 등의 커스터마이즈 요소는, 헤어스타일 변경도 가능하게. 자신의 취향인 트레이너와 매일의 운동에 임할 수 있습니다.

▼히트송 & 오리지널 음악 30곡 수록
연주곡으로 편집된 팝 음악이나 기분 좋게 텐션이 올라가는 오리지널 음악 등 운동에 최적화된 BGM을 30곡 수록하고 있습니다.

▼지속을 서포트하는 편리 기능
시리즈에서 호평인, 운동 후에 눌러주는 스탬프, 운동 이력을 한 눈에 알 수 있는 캘린더, 그래프로 표시되는 데이터 관리, 능숙하지 못한 액션의 판정 보조 등의 서포트 기능은 답습. 일별로, 주별로 목표가 제시되는 「미션」과 매일의 지속성을 평가하는 「먼슬리 랭크」를 추가했습니다. 매일의 운동에 대한 동기를 올려주는 기능이 더욱 강화되었습니다.

▼전작 플레이 기록 인계 대응
캘린더의 스탬프나 누계 지속일수, 누계 펀치 수나 추정 소비 칼로리, 플레이 시간 등, 전작 「Fitness Boxing」 「Fitness Boxing 2 -Rhythm ＆ Exercise」의 플레이 기록을 계승할 수 있습니다.

▼대응 음성
일본어, 영어, 중국어, 한국어",Fitness Boxing 3: Your Personal Trainer,Nintendo,"https://store.nintendo.co.kr/media/catalog/product/cache/a7267a3b8c99c74f0bde248fd00edb94/d/b/dbe3baebd0acbb3a35c6707b06d34a916510982aa1cde8cabb7f9af04c294a98.jpg,https://store.nintendo.co.kr/media/catalog/product/cache/a7267a3b8c99c74f0bde248fd00edb94/b/c/bc064ff953fc5c475fa422611eb5927fed3a43db6dd2df13f68630a080947528.jpg,https://store.nintendo.co.kr/media/catalog/product/cache/a7267a3b8c99c74f0bde248fd00edb94/d/3/d305fee38fae1405fba6e27c5e1fe3b8d01b403322fc2ed07022fc1621d9db94.jpg,https://store.nintendo.co.kr/media/catalog/product/cache/a7267a3b8c99c74f0bde248fd00edb94/d/b/dbe3baebd0acbb3a35c6707b06d34a916510982aa1cde8cabb7f9af04c294a98.jpg","음악,스포츠,기타,트레이닝",switch
https://store.nintendo.co.kr/70010000069948,Savant - Ascent REMIX,2024-12-05,https://store.nintendo.co.kr/media/catalog/product/cache/a7267a3b8c99c74f0bde248fd00edb94/5/a/5a75ad5f840cbf875c3d3e13bde258061cc415ac8e600b86be61c165b9d9a42e.jpg,"예약구입 상품입니다.

아드레날린이 솟구치는 엘리베이터를 타고 로봇이 득실대는 타워 위로 올라가세요. 강력한 마법과 아크로바틱한 동작으로 무장한 채 기계 군단 무리로부터 연금술사의 땅을 되찾으세요.
스테이지마다 새로운 적과 강력한 보스를 물리치며 유니크한 도전을 이어가세요! 팩토리로 올라가 레이저 상어와 대결하세요! 숨겨진 Valchemist의 은신처인 카타콤의 어둠 속에서 스스로를 발견하세요! 극강의 적인 불멸의 사무라이를 향해 올라가면서 별들 사이에서 침략자들에 맞서 싸우세요!

반전이 있는 트윈 스틱 슈팅 게임 - 두 플랫폼 사이에서 점프 또는 대시를 하며 적 공격을 피하거나 완벽한 샷을 위한 위치를 잡을 수 있습니다.

파워 미터를 채우고 폭발적인 마법으로 적을 날려버리세요.

올라가면서 파워 업을 획득해서 능력치를 높이세요. 뮤직 아티스트 Savant가 작곡한 보너스 트랙을 잠금 해제하세요.

다양한 플레이 모드:

일반 모드: 나만의 페이스로 타워를 정복하세요. 각 스테이지 사이와 각 보스를 만나기 전에 체크포인트가 있습니다. 높이 올라갈수록 추가 생명을 획득합니다.

하드코어 모드: 더 큰 도전에 맞서세요. 체크포인트나 추가 생명 없이 모든 스테이지를 한 번에 완료하는 능력을 제대로 마스터하세요.

서바이벌 모드: 시간과의 사투를 벌이세요. 훨씬 많이 몰려드는 적들과 제멋대로 등장하는 보스들을 상대로 싸우면서 최대한 오래 살아남으세요.",Savant - Ascent REMIX,D-pad Studio,"https://store.nintendo.co.kr/media/catalog/product/cache/a7267a3b8c99c74f0bde248fd00edb94/5/a/5a75ad5f840cbf875c3d3e13bde258061cc415ac8e600b86be61c165b9d9a42e.jpg,https://store.nintendo.co.kr/media/catalog/product/cache/a7267a3b8c99c74f0bde248fd00edb94/0/e/0e1f72ba8993039489cd49059ea55bcafcc73545fb3856052071dc34264e1108.jpg,https://store.nintendo.co.kr/media/catalog/product/cache/a7267a3b8c99c74f0bde248fd00edb94/c/2/c20b4cebf4a9f19ab7dcaa6ec41b160c0bab617edca56bd1b344009aca3f9ad3.jpg,https://store.nintendo.co.kr/media/catalog/product/cache/a7267a3b8c99c74f0bde248fd00edb94/7/a/7a994737b8671caf08941b8adef200a9311e503985176d0dc9476bcdbf2f89e5.jpg,https://store.nintendo.co.kr/media/catalog/product/cache/a7267a3b8c99c74f0bde248fd00edb94/2/7/275f6be88880e25640ea82c20bf94a42721d98d5fd866859981c10debc98b4f4.jpg,https://store.nintendo.co.kr/media/catalog/product/cache/a7267a3b8c99c74f0bde248fd00edb94/6/8/689201f5f47e5c5c375e5e9feed0c888d02db1da21a544e88df352a9e33e1d3e.jpg,https://store.nintendo.co.kr/media/catalog/product/cache/a7267a3b8c99c74f0bde248fd00edb94/5/a/5a75ad5f840cbf875c3d3e13bde258061cc415ac8e600b86be61c165b9d9a42e.jpg","액션,어드벤처,아케이드,슈팅",switch
https://store.nintendo.co.kr/70010000079160,FANTASIAN Neo Dimension,2024-12-05,https://store.nintendo.co.kr/media/catalog/product/cache/a7267a3b8c99c74f0bde248fd00edb94/0/a/0a3fd04d3dda2e664da4a47fabccddc60f9125111d97cd87f165a61955ff62d0.jpg,"예약구입 상품입니다.

동료들과 함께 기억을 찾아 여행을 떠나자. skill trajectories를 조작해 배틀을 펼치는 새로운 차원의 정통 RPG.
세계는 인간의 감정과 생명을 빼앗는 죽음의 구체―― 「Mechteria」에게 서서히 좀먹히고 있었다.
주인공 Leo는 기계로 가득한 낯선 곳에서 눈을 뜬다.
이곳이 대체 어디인지, 자신이 왜 이곳에 있는지, 아무것도 떠오르지 않는 Leo.
그는 기억을 잃은 상태였다.

Mechteria에게 위협받는 인간의 세계,
수수께끼로 가득한 기계의 세계,
그리고 지금껏 보지 못한 새로운 차원.

남겨진 「Warp Device」를 이용해
Leo는 잃어버린 기억을 찾아 차원을 넘나드는 여행을 떠난다.",FANTASIAN Neo Dimension,Square Enix,"https://store.nintendo.co.kr/media/catalog/product/cache/a7267a3b8c99c74f0bde248fd00edb94/0/a/0a3fd04d3dda2e664da4a47fabccddc60f9125111d97cd87f165a61955ff62d0.jpg,https://store.nintendo.co.kr/media/catalog/product/cache/a7267a3b8c99c74f0bde248fd00edb94/9/9/99efa82ee0589f0b6145ecfa3b0252b2b0865c6f975ac731d08b3fcc36972705.jpg,https://store.nintendo.co.kr/media/catalog/product/cache/a7267a3b8c99c74f0bde248fd00edb94/5/3/539c16ecb030ddcccde74233c2138fb6fca6f6a881108e8f9195dfe356418d47.jpg,https://store.nintendo.co.kr/media/catalog/product/cache/a7267a3b8c99c74f0bde248fd00edb94/1/e/1ed4b8cb949ede297ec78adffc873c78bd1f831bc6c02193780eb3bcb2818885.jpg,https://store.nintendo.co.kr/media/catalog/product/cache/a7267a3b8c99c74f0bde248fd00edb94/1/a/1ae34872739b88f27c4e24afb4e9825164ac59d35095424a8f7be1e002fda478.jpg,https://store.nintendo.co.kr/media/catalog/product/cache/a7267a3b8c99c74f0bde248fd00edb94/7/a/7a0d83b41c483224a56510cb3d4dcce5a72f18fcb8b2c59c18e40a03d7eab9dd.jpg,https://store.nintendo.co.kr/media/catalog/product/cache/a7267a3b8c99c74f0bde248fd00edb94/e/7/e77561ac80333312a307ca0b3de4492ffc69c2a516d761bab488e895787ce188.jpg","RPG,전략",switch
https://store.nintendo.co.kr/70010000085741,Dog Man: Mission Impawsible,2024-12-05,https://store.nintendo.co.kr/media/catalog/product/cache/a7267a3b8c99c74f0bde248fd00edb94/3/3/331e1911e2e5d0687195c235e6c762a11eb670b89c8f39984dc290f171272135.jpg,"예약구입 상품입니다.

도그맨 미션 임파서블: 도그맨이 사랑받는 책 시리즈에 생명을 불어넣어요! 액션과 유머로 가득한 이 모험에 빠져보세요.
도시의 열쇠가 슈퍼 악당의 손에 넘어가 모든 감옥의 문이 열리고 많은 악당들이 풀려났어요. 도그맨과 그의 친구들이 가장 불가능한 미션에서 슈퍼 악당을 쫓는 것을 도와주세요! 로켓 부츠, 접이식 발톱, 먼지 방지 바지 등 각자의 특별한 능력과 도구를 가진 도그맨과 수파 버디를 번갈아 가며 플레이하세요. 함께 어려운 장애물을 극복하고 강력한 보스를 물리칠 수 있습니다.

게임 특징:
* 50개의 흥미진진한 레벨: 시청, 거대한 마시멜로 공장, 경찰서 등 도그맨 세계관의 상징적인 장소를 탐험하세요. 각 장소마다 플랫폼과 퍼즐 해결 과제를 제공합니다.
* 팀워크: 각자의 특별한 능력을 가진 도그맨과 수파 버디를 교체하며 장애물을 극복하고 보스를 물리치세요.
* 재미있는 장치: 레벨을 진행하면서 갈고리, 로켓 슈즈, 파워 글러브 등 새로운 도구와 능력을 잠금 해제하여 레벨을 탐색하세요.
* 퍼즐과 보스: 두뇌를 사용해 퍼즐을 풀고 독특한 보스를 물리치세요. 각 보스와의 전투에서는 팀의 능력을 영리하게 사용해야 합니다.
* 유머와 액션: 재미있는 대화, 재미있는 상호작용, 쉴 새 없이 펼쳐지는 액션으로 Dog Man의 세계에 계속 몰입할 수 있습니다.
* 보상 및 수집품: 새로운 장치로 레벨을 다시 방문하여 비밀 구역을 찾고 실종된 코믹 클럽 멤버들을 구출하세요.
* 아트 스타일: 책에서 영감을 받은 멋진 애니메이션과 만화 스타일의 음향 효과로 액션에 재미와 만화적인 느낌을 더했습니다.",Dog Man: Mission Impawsible,Mindscape,"https://store.nintendo.co.kr/media/catalog/product/cache/a7267a3b8c99c74f0bde248fd00edb94/3/3/331e1911e2e5d0687195c235e6c762a11eb670b89c8f39984dc290f171272135.jpg,https://store.nintendo.co.kr/media/catalog/product/cache/a7267a3b8c99c74f0bde248fd00edb94/f/9/f9fecfc3f57811ab2d29d62bf56e1b7758dbe99f9c081a04558c4426428634a0.jpg,https://store.nintendo.co.kr/media/catalog/product/cache/a7267a3b8c99c74f0bde248fd00edb94/d/c/dc0c15b0e8226b48ca4450a793fe769ede565c0c0fdc180d26625ad4a17fc8a5.jpg,https://store.nintendo.co.kr/media/catalog/product/cache/a7267a3b8c99c74f0bde248fd00edb94/5/b/5ba9a2f6032f1cf657446800c74c362c47da9108c196def08e5d1f4b8c8f4e84.jpg,https://store.nintendo.co.kr/media/catalog/product/cache/a7267a3b8c99c74f0bde248fd00edb94/4/4/44ea099bf9d2249572178ccb118e17c8bd7dd4c1d7c97e4571a48212488ddba6.jpg,https://store.nintendo.co.kr/media/catalog/product/cache/a7267a3b8c99c74f0bde248fd00edb94/0/d/0d054d0713941d57032acaa4612375654bfd3323191bf59d008d901b400f2348.jpg,https://store.nintendo.co.kr/media/catalog/product/cache/a7267a3b8c99c74f0bde248fd00edb94/2/3/23cdce79ddffb61c9067b61a0ab213132f2d7c9d63fa91fc5073958fe8f1583e.jpg","액션,어드벤처,아케이드",switch
https://store.nintendo.co.kr/70010000088798,Santa's Christmas Adventure,2024-12-05,https://store.nintendo.co.kr/media/catalog/product/cache/a7267a3b8c99c74f0bde248fd00edb94/9/3/937f2c993f2848453d597609a2f93ac3a911ea801d782ab2e4d18583198aac3e.jpg,"예약구입 상품입니다.

Santa's Christmas Adventure – 선물을 모으고, 적을 물리치고, 즐거운 만화 세계에서 크리스마스를 구하세요!
Santa's Christmas Adventure는 3D 플랫폼 게임으로, 플레이어는 산타클로스가 되어 레벨에서 선물을 모으고, 대시 공격이나 공중 공격으로 다양한 적들을 물리칩니다. 산타는 풍선을 이용해 천천히 하강할 수 있으며, 수영도 가능하여 수중 구역을 탐험할 수 있습니다. 게임은 만화 스타일로 제작되었으며, 매우 분위기 있는 모험으로 모든 연령대가 즐길 수 있는 크리스마스 마법으로 가득한 게임입니다!",Santa's Christmas Adventure,Eclipse Interactive,"https://store.nintendo.co.kr/media/catalog/product/cache/a7267a3b8c99c74f0bde248fd00edb94/9/3/937f2c993f2848453d597609a2f93ac3a911ea801d782ab2e4d18583198aac3e.jpg,https://store.nintendo.co.kr/media/catalog/product/cache/a7267a3b8c99c74f0bde248fd00edb94/5/7/57bc9488e561d63ca3b6d6d5a55755c113412a2db003a2479ea2392c05de126b.jpg,https://store.nintendo.co.kr/media/catalog/product/cache/a7267a3b8c99c74f0bde248fd00edb94/a/8/a8031711e940bd3a614079a7c3cd2e10704b47918f6b2e2356ec7f3a26bd2020.jpg,https://store.nintendo.co.kr/media/catalog/product/cache/a7267a3b8c99c74f0bde248fd00edb94/5/c/5cb3f29f8ee666ab00a0b9795bc28ad7a361dfd37a75824dfecf42457985397f.jpg,https://store.nintendo.co.kr/media/catalog/product/cache/a7267a3b8c99c74f0bde248fd00edb94/f/7/f78e2789fc002bb2a97d1fa3d23b8726d9ebf57f84231ec7d0767cecca658c01.jpg,https://store.nintendo.co.kr/media/catalog/product/cache/a7267a3b8c99c74f0bde248fd00edb94/3/c/3c22abf14e6477a41a34f361c2d9a8383fa00a7c8435a489638e52195399e680.jpg,https://store.nintendo.co.kr/media/catalog/product/cache/a7267a3b8c99c74f0bde248fd00edb94/9/3/937f2c993f2848453d597609a2f93ac3a911ea801d782ab2e4d18583198aac3e.jpg","어드벤처,아케이드",switch
https://store.nintendo.co.kr/70010000087669,Glitch Hero,2024-11-28,https://store.nintendo.co.kr/media/catalog/product/cache/a7267a3b8c99c74f0bde248fd00edb94/6/8/68ac8002687010747bb3eaf49e457c1f452ca2dc756a302a4672ac9bd3beaaf1.jpg,"예약구입 상품입니다.

아다가 이 스릴 넘치는 액션 퍼즐 어드벤처에서 코디랜드의 디버깅을 도와주세요!
아다는 젊고 밝은 소녀로, 아버지의 연구실을 방문한 후 그의 허락 없이 코디랜드라는 가상 세계에 뛰어들기로 결정했습니다. 이 가상 세계는 아버지가 개발 중인 것인데, 재미로 시작했지만…
치명적인 오류가 발생하여 코디랜드가 버그로 가득 차고, 불친절한 토끼가 가이드로 등장하며, 아버지와 그의 동료들은 갇혀서 반응하지 않습니다. 주변에는 적과 오류가 가득합니다! 오직 hammer.exe를 휘두를 자격이 있는 사람만이 모든 것을 디버깅할 수 있습니다!
논리적 스킬과 빠른 사고를 발휘하여 아다가 코디랜드를 구하도록 도와주세요. 적을 물리치고 던전을 클리어하며, 모든 연령대의 플레이어를 위한 논리적 퍼즐, 루프, 재미있는 시각적 알고리즘이 가득한 이 재미있고 스릴 넘치는 액션 어드벤처에서 아다를 구하세요.
기능 및 내용
HAMMER.EXE로 적을 탐험하고 물리치세요
• 코디랜드를 탐험하기 위해 달리고, 대시하고, 함정을 피하고, 절벽을 넘어세요.
• hammer.exe를 사용하여 적을 물리치고, 스위치를 활성화하며, 새로운 경로를 열어보세요.
• 5가지 업그레이드 가능한 스킬 (Glitch Dash, Super Strength, Glitch Bolt, Cyberspin, Glitch Trap)
• 각기 다른 적들이 각자의 고유한 공격 패턴을 가지고 있습니다!
• 왜곡된 보스들과의 스릴 넘치는 전투. 당신의 스킬을 자랑하고 그들의 프로그래밍 오류를 수정하세요!
재미있는 코딩 알고리즘을 해결하고 하루를 구하세요
• 블록을 사용하여 쉬운 알고리즘을 설계하고 루프, 함수 및 기타 코딩 개념을 쉽고 재미있게 배워보세요.
• 카리스마 있는 캐릭터들 간의 재미있는 대화를 통해 프로그래밍 용어를 배우세요.
• 모든 코딩 퍼즐은 나이에 맞게 조정되어 모든 사람이 즐기고 배울 수 있습니다!
위험과 퍼즐로 가득한 디지털 세계!
• 탐험할 수 있는 3개의 세계: 오더, 캔디, 뮤직 월드!
• 밝은 2D 만화 스타일과 비주얼의 디지털 세계
• 각 세계에 신중하게 디자인된 10개 이상의 레벨
• 환경과 상호작용하여 비트를 수집하고, 더 많은 하트와 에너지를 찾아 아다의 힘을 향상시키세요!
• 우정, 용기, 지혜에 관한 이야기를 담은 유쾌하고 카리스마 있는 캐릭터들을 만나보세요!",Glitch Hero,Artax Games,"https://store.nintendo.co.kr/media/catalog/product/cache/a7267a3b8c99c74f0bde248fd00edb94/6/8/68ac8002687010747bb3eaf49e457c1f452ca2dc756a302a4672ac9bd3beaaf1.jpg,https://store.nintendo.co.kr/media/catalog/product/cache/a7267a3b8c99c74f0bde248fd00edb94/c/2/c216acd644753806a434b6c51fde333ea015fc1088280e2f9373b71fb1c3f7ef.jpg,https://store.nintendo.co.kr/media/catalog/product/cache/a7267a3b8c99c74f0bde248fd00edb94/a/6/a6a01b670211f71e270ad3de69e4a8223343812a51c903da090dd74199627459.jpg,https://store.nintendo.co.kr/media/catalog/product/cache/a7267a3b8c99c74f0bde248fd00edb94/1/4/148e9cc1a6ad0dbf61e0553cdb5b5b6a12093e8e08e80b9c0899a6fe618f8da8.jpg,https://store.nintendo.co.kr/media/catalog/product/cache/a7267a3b8c99c74f0bde248fd00edb94/0/c/0cf5269910e102cbd14828766cb4cd1e28938415d5014fc9d18b5b96c82b79eb.jpg,https://store.nintendo.co.kr/media/catalog/product/cache/a7267a3b8c99c74f0bde248fd00edb94/3/1/316aefa1006ec38529f40b7343c51e84819fe1b9f3ed6bff39143b7a0b98d513.jpg,https://store.nintendo.co.kr/media/catalog/product/cache/a7267a3b8c99c74f0bde248fd00edb94/6/8/68ac8002687010747bb3eaf49e457c1f452ca2dc756a302a4672ac9bd3beaaf1.jpg","액션,어드벤처",switch
https://store.nintendo.co.kr/70010000081737,Critter Café,2024-11-26,https://store.nintendo.co.kr/media/catalog/product/cache/a7267a3b8c99c74f0bde248fd00edb94/f/3/f3e1835d535204bb4fe5cf689e60d1216af191d0d1db0ff0a708660859e72171.jpg,"예약구입 상품입니다.

마법 같은 세계를 탐험하며, 귀여운 생물들을 구조하고, 나만의 Critter Café를 만들어 보세요! 

기대 플레이 시간 12시간 이상

안락하고, 느긋하고, 건전하고, 창의적인 느낌!

나만의 Critter Café를 만들어 운영하세요

귀여운 생물들이 함께하는 나만의 안락한 카페를 만들고 마을 주민들을 위한 교류의 공간을 선사해 주세요!

고객에게 커피, 케이트, 라테를!

생물들과 시간을 보내기 위해 방문한 고객들을 위해 완벽한 라테 아트를 만들고, 케이크를 배달하고, 커피를 서빙하세요. 영화의 밤, 생일잔치 등 다양한 생물 테마 파티를 열어보세요!

귀여운 생물들을 구해주세요

아더랜드의 마법 같은 세계를 탐험하며 35가지 귀여운 생물들을 구해주세요! 모그베르트, 글로울리 등 극도로 깜찍한 수많은 생물들이 여러분을 기다립니다!

생물들에게 먹이를 주고, 빗겨주고, 씻겨 주고, 함께 놀아주세요

사랑과 정성을 다해 생물들을 돌봐주세요. 함께 놀아주고, 다양한 먹이를 주고, 씻기거나 빗으로 털을 빗겨줄 수도 있습니다. 생물들과 카페 활동을 같이 하며 유대감을 높이고 새로운 간식을 개발하거나 귀여운 외형을 잠금 해제하세요!

황금잎의 섬과 마법 같은 아더랜드를 탐험하세요!

황금잎의 섬 주변에 나타난 마법의 포털에 관한 정보를 알려주는 신비로운 문자를 받았습니다.
흥미로운 지역과 생동감 넘치는 세계를 탐험하세요. 포털을 통해 아더랜드로 이동해 퍼즐을 풀고 새로운 생물들과 만나 돌봐주세요!

캐릭터, 카페, 생물 서식 습관을 커스터마이징하세요!

나만의 개성을 표현하세요! 다양한 외형으로 캐릭터를 커스터마이징하고, 언제든 원하는 대로 바꿔보세요.
테이블, 의자, 소파, 벽지, 바닥, 벽 장식 등 카페의 다양한 디테일을 직접 설정하세요.
생물을 구조한 후에는 생물이 새로운 환경에 잘 적응할 수 있도록 서식 습관을 커스터마이징하세요.",Critter Café,Secret Mode,"https://store.nintendo.co.kr/media/catalog/product/cache/a7267a3b8c99c74f0bde248fd00edb94/f/3/f3e1835d535204bb4fe5cf689e60d1216af191d0d1db0ff0a708660859e72171.jpg,https://store.nintendo.co.kr/media/catalog/product/cache/a7267a3b8c99c74f0bde248fd00edb94/2/2/22643cf32b8bf96d157a22cef6c99fbd363e0914d2cab946e87f85ff3119d874.jpg,https://store.nintendo.co.kr/media/catalog/product/cache/a7267a3b8c99c74f0bde248fd00edb94/7/b/7b04e758e7d4b3f41a6b4f7baf7fb2924dcfbff3193a30781c814df2129640aa.jpg,https://store.nintendo.co.kr/media/catalog/product/cache/a7267a3b8c99c74f0bde248fd00edb94/8/3/83accf717d6711cefeb599d936163ae221bc3bc31bca0092e4850ad6d9e167bb.jpg,https://store.nintendo.co.kr/media/catalog/product/cache/a7267a3b8c99c74f0bde248fd00edb94/5/1/51fc6becf04db9bdec41468668bdf4697ca13a49a64675cb3de4285ad8991cfe.jpg,https://store.nintendo.co.kr/media/catalog/product/cache/a7267a3b8c99c74f0bde248fd00edb94/1/d/1d6e170c7c80ed7b1080456ca25bd7aa5ffdfad103fa4c5d86be475e5573a386.jpg,https://store.nintendo.co.kr/media/catalog/product/cache/a7267a3b8c99c74f0bde248fd00edb94/7/7/778abaaecaec76d1048973b2f816fde6dc6b6e7ae7f5b4cc0a461018575cdbb8.jpg","퍼즐,시뮬레이션,기타",switch
https://store.nintendo.co.kr/70010000085693,STEAMBOAT RESCUE,2024-11-24,https://store.nintendo.co.kr/media/catalog/product/cache/a7267a3b8c99c74f0bde248fd00edb94/5/f/5fb4de99c6c2fd59ec32e5c9588f9b466931959972e66d20023a5a4a55feae6f.jpg,"예약구입 상품입니다.

증기선을 조종하여 강에서 익사하는 동물들을 구하자!
“배는 급하게 돌 수 없다!?” 숙련된 조종이 성공의 열쇠입니다.
온라인 랭킹에서 세계 1위를 목표로 하세요!
『스팀보트 레스큐』는 플레이어가 증기선의 선장이 되어, 익사하는 동물들을 구출하면서 점수를 겨루는 액션 게임입니다.
Joy-Con을 핸들처럼 돌리면서 증기선을 조종할 수 있습니다.
또한 스틱을 돌려서도 배를 조종할 수 있으니, 원하는 조작 방법을 선택하세요.
강에 떠다니는 통나무나 바위에 부딪히면 실수가 됩니다.

난이도는 3가지로 선택할 수 있습니다:

• EASY: 실수는 5번까지 가능합니다. 핸들 조작이 쉽습니다.
• NORMAL: 실수는 3번까지 가능합니다. 핸들 조작이 조금 어렵습니다.
• HARD: 실수 1번으로 게임 오버. 핸들 조작이 매우 어렵고, 많이 돌려야 합니다.

각 난이도에서 하이 스코어를 기록하고, 온라인 랭킹에서 세계 1위를 목표로 하세요!",STEAMBOAT RESCUE,MBA INTERNATIONAL,"https://store.nintendo.co.kr/media/catalog/product/cache/a7267a3b8c99c74f0bde248fd00edb94/5/f/5fb4de99c6c2fd59ec32e5c9588f9b466931959972e66d20023a5a4a55feae6f.jpg,https://store.nintendo.co.kr/media/catalog/product/cache/a7267a3b8c99c74f0bde248fd00edb94/5/f/5fb4de99c6c2fd59ec32e5c9588f9b466931959972e66d20023a5a4a55feae6f.jpg,https://store.nintendo.co.kr/media/catalog/product/cache/a7267a3b8c99c74f0bde248fd00edb94/1/4/14d2d472c26a6c8d2f2284373832f14fe6e2041b65d8476ef7c815376231d683.jpg,https://store.nintendo.co.kr/media/catalog/product/cache/a7267a3b8c99c74f0bde248fd00edb94/f/7/f79d498c5f99a8bdb559e1ce24d386420c9b0933572bf8618b5d285e4e8fd292.jpg,https://store.nintendo.co.kr/media/catalog/product/cache/a7267a3b8c99c74f0bde248fd00edb94/f/f/ff68dfc7cdffef6d84b886083c8ece6fdba691fef228a8e79543b4160ebfa7c0.jpg,https://store.nintendo.co.kr/media/catalog/product/cache/a7267a3b8c99c74f0bde248fd00edb94/9/6/969ee89670a1512680fc1eddfc68cf42f744bfdb82f06d419c0377479d38eade.jpg,https://store.nintendo.co.kr/media/catalog/product/cache/a7267a3b8c99c74f0bde248fd00edb94/f/a/fa1a2f4aec05c1f054bfa6b9661998041b66275db1b7830bd82b5f21e980b618.jpg",액션,switch
https://store.nintendo.co.kr/70010000081443,Divine Dynamo Flamefrit,2024-11-21,https://store.nintendo.co.kr/media/catalog/product/cache/a7267a3b8c99c74f0bde248fd00edb94/3/2/32bf7b0d25b1411b984054159d2f3069a060e66f1aa673d37484b202dbaab734.jpg,"예약구입 상품입니다.

검과 마법의 모험이 널 기다린다!
『Divine Dynamo Flamefrit(디바인 다이나모 플레임프리트)』는 90년대의 로봇 애니메이션을 연상시키는 노스탤직 2D 액션 게임입니다.
주인공 유토를 조작하는 탑뷰 파트를 클리어하면 정령기 플레임프리트를 조작하는 1인칭 시점의 보스전 파트로 이동합니다.
2가지의 서로 다른 파트를 공략해서 검과 마법의 세계 【키라카디아】에 평화를 가져오세요!

■검과 마법의 판타지 로봇 애니메이션 스타일의 세계를 모험!

유토는 간단한 조작으로 다양한 검술을 구사합니다. 공격 버튼을 3번 연속 입력하면 3단 베기, 공격 버튼을 길게 누르면 강력한 차지 베기 등, 상황에 맞춰 공격하세요.
또한 유토의 롤링은 적의 공격을 회피할 수 있을 뿐 아니라 타이밍에 맞춰 공격 버튼을 누르면 카운터 공격을 발동할 수 있습니다.

그리고 이야기 도중에 만난 동료를 버튼 하나로 소환하여, 강력한 마법 공격 및 기믹 해제를 지원받을 수 있습니다.
든든한 동료와 함께 이세계 【키라카디아】의 대지를 누비세요!

■보스는 동료와 쓰러뜨리자! 공격과 방어가 자유로운 1인칭 배틀!

보스전은 1인칭 시점의 유사 3D 슈팅 액션입니다. 조준점을 움직여 마법탄으로 적을 저격하면서, 다가온 적에게는 검으로 맞섭니다.
가드를 계속하면 플레임프리트의 파워가 점점 차오르며, 최대치에 도달했을 때 발동되는 필살기 「일도소각! 플레임 세이버!」는 절대적인 위력을 자랑합니다!

그리고 동료 정령기를 부르는 【컷인 공격】은 동료 1명당 1번만 쓸 수 있는 강력한 비장의 무기입니다. 동료의 수만큼 강해질 수 있으니 모험하며 여러 동료를 찾으세요!

■처음 보는데 왠지 반가운걸!? 우당탕탕 모험 활극!

완벽하게 구현한 16bit 스타일 레트로 디자인으로 그려낸 본 타이틀은 향수를 자극하는, 코믹하면서도 뜨겁게 불타오르는 90년대의 분위기를 재현했습니다!
90년대적인 레트로풍의 멋진 연출과 개그가 작렬하는 이야기를 즐기실 수 있습니다.",Divine Dynamo Flamefrit,INTI CREATES,"https://store.nintendo.co.kr/media/catalog/product/cache/a7267a3b8c99c74f0bde248fd00edb94/3/2/32bf7b0d25b1411b984054159d2f3069a060e66f1aa673d37484b202dbaab734.jpg,https://store.nintendo.co.kr/media/catalog/product/cache/a7267a3b8c99c74f0bde248fd00edb94/5/5/552d07060acf08e05318e31762017f4ab765934efbada46ebf6ab02c1ec8936f.jpg,https://store.nintendo.co.kr/media/catalog/product/cache/a7267a3b8c99c74f0bde248fd00edb94/2/4/241539c0c22a0cba3e969e4758d2529f1e43c91174ddf413d7c4b4b79a8ddef3.jpg,https://store.nintendo.co.kr/media/catalog/product/cache/a7267a3b8c99c74f0bde248fd00edb94/8/f/8ff8c8ecbae33d9928f9ba113eb080dd3dee4e8a0afb9732f5c88be9d9784ded.jpg,https://store.nintendo.co.kr/media/catalog/product/cache/a7267a3b8c99c74f0bde248fd00edb94/3/0/30c259bcc13c463c4966ff95dd43566df70610292c5ae9b389cff01c21907eab.jpg,https://store.nintendo.co.kr/media/catalog/product/cache/a7267a3b8c99c74f0bde248fd00edb94/1/d/1d3923b5f92b96804214a9e212f57f3959738a59c2fa0d46c2927c23dd7d6983.jpg,https://store.nintendo.co.kr/media/catalog/product/cache/a7267a3b8c99c74f0bde248fd00edb94/5/a/5ae42864afa399e67977dcf54ba88e2da77fd3907206c5b827b530f15b2f0a97.jpg","액션,어드벤처",switch
https://store.nintendo.co.kr/70010000085150,AMEDAMA,2024-11-21,https://store.nintendo.co.kr/media/catalog/product/cache/a7267a3b8c99c74f0bde248fd00edb94/5/8/58997c0c13eea00f7dd443c8cd754671482bd83c0a83448cb597ddc1bf893448.jpg,"예약구입 상품입니다.

화면과 도트 아트가 융합된 새로운 2D 표현을 채택한 박사형·가로스크롤 유령 행동 어드벤처!
◆줄거리
시대는 에도시대 말기, 람하마.
어느 비오는 밤, 남매가 운영하는 우산 가게에 갑자기 나타난 수수께끼의 남자들.
형은 어쩔 수 없이 동생의 눈앞에서 죽임을 당한다.
어느새 여동생은 사라지고 자신의 시신만 굴러다니고 있었다.

오빠는 영혼만 남은 존재가 되어 있었다.
오빠는 여동생의 행방을 찾기 위해 타인에게 차례로 빙의한다.

육체를 잃은 남자의 이야기.
고요한 땅에서 일어난 하나의 사건.
그곳에서 펼쳐지는 깊은 어둠과 겹쳐지는 음모.

유이를 구하기 전까지는 죽어도 죽지 못한다.
영혼이 되어 타인의 육체를 점령해서라도 유이를 구해낸다.

영혼이 사라지는 7일 동안 여동생을 구할 수 있을까?
영혼의 윤회 속에서 겹쳐지는 여동생의 운명은 어떻게 될까?

◆특징
빙의 액션
영혼만 남은 주인공 유신이 타인의 육체에 빙의하여 여동생 유이의 행방을 찾아 나선다. 빙의에 의해 다양한 캐릭터를 조작할 수 있으며, 각각의 전투 무기 스타일로 전투가 가능하다. 빙의한 캐릭터에 따라 전투 상대 등도 달라진다.

에도의 일본과 비의 정취
비가 내리는 에도의 일본을 배경으로 펼쳐지는 인간군상. 화와 도트가 융합된 새로운 2D 표현이 만들어내는 세계에는 어둠과 고요함, 그리고 아름다움이 공존한다.

영혼의 첫 7일 시스템과 윤회
반복되는 7일. 선택에 따라 스토리가 변화한다. 빙의한 주인공이 누구와 대화하고 무엇에 개입하느냐에 따라 사건도 결과도 달라질 것이다.

우설천세류' 검술을 사용한 반격
전투의 열쇠를 숙달한 유신은 '안개 반격' 기술을 사용합니다. 상대의 공격에 반격하여 상당한 피해를 입힙니다.


[개발・판매] IzanagiGames
[기획] ACQUIRE
[캐릭터 디자인] lack
[음악] 오미야마 유코",AMEDAMA,IzanagiGames,"https://store.nintendo.co.kr/media/catalog/product/cache/a7267a3b8c99c74f0bde248fd00edb94/5/8/58997c0c13eea00f7dd443c8cd754671482bd83c0a83448cb597ddc1bf893448.jpg,https://store.nintendo.co.kr/media/catalog/product/cache/a7267a3b8c99c74f0bde248fd00edb94/1/2/12b4fe216b9e6161df20c53cc900a677556b573205039b118c043e7b346e95e5.jpg,https://store.nintendo.co.kr/media/catalog/product/cache/a7267a3b8c99c74f0bde248fd00edb94/9/4/94a2afec666ef9b04817633cd55f9adff201d35245b2ba66a5b9fb61aa5418b9.jpg,https://store.nintendo.co.kr/media/catalog/product/cache/a7267a3b8c99c74f0bde248fd00edb94/7/8/78f0b6638ca3ee67fd109e44524f46a0821fbbb4b769ce468b1339c6fec2060b.jpg,https://store.nintendo.co.kr/media/catalog/product/cache/a7267a3b8c99c74f0bde248fd00edb94/7/e/7e36809b808060a0c213ffb43645f0b9f66fafd52125c842939b52fe8c06a8a5.jpg,https://store.nintendo.co.kr/media/catalog/product/cache/a7267a3b8c99c74f0bde248fd00edb94/8/d/8d3e3704fd7b6b83977028e8f958701aa51490aae02b7fc47a6dd7eb36d5356c.jpg,https://store.nintendo.co.kr/media/catalog/product/cache/a7267a3b8c99c74f0bde248fd00edb94/8/7/87bae96707eb19c0ba15c5524a4082a32cd744663db6172534333a3a1e2d96e8.jpg","액션,어드벤처",switch
https://store.nintendo.co.kr/70010000087127,Eraser VS Ruler,2024-11-21,https://store.nintendo.co.kr/media/catalog/product/cache/a7267a3b8c99c74f0bde248fd00edb94/5/0/504fe2eac9909e4ff451931d68bae204ea6a653651b98d1b2da11aad4ddf9829.jpg,"예약구입 상품입니다.

어느 편을 선택하시겠습니까?!
지우개 군대 VS 자 군대
궁극의 책상 위 결전이 곧 시작됩니다!
꿈꾸기만 했던 대결이 마침내 현실이 됩니다!
독창적인 기계와 스테이지로 싸워 팀을 승리로 이끄세요!

[배틀]
군대를 선택하고 상대를 하나씩 물리치세요!
위기에 처했을 때는 특수 기술을 사용해 전세를 뒤집으세요!

[온라인]
상대 군대와 싸워 당신의 군대를 승리로 이끄세요!
또한 군대 참가 순위에서 동맹들과 경쟁할 수 있습니다!
최대 4명의 친구와 함께 룸 매치에 참여하여 대결하세요!

[커스터마이징]
새로운 추가 부품으로 무한한 조합이 가능합니다!
당신만의 독창적인 지우개와 자를 만들어 보세요!",Eraser VS Ruler,SAT-BOX,"https://store.nintendo.co.kr/media/catalog/product/cache/a7267a3b8c99c74f0bde248fd00edb94/5/0/504fe2eac9909e4ff451931d68bae204ea6a653651b98d1b2da11aad4ddf9829.jpg,https://store.nintendo.co.kr/media/catalog/product/cache/a7267a3b8c99c74f0bde248fd00edb94/6/f/6f51fadd391c992202b4231da62a029a2c7dc92cd3e07334712b20acbf8ab1d9.jpg,https://store.nintendo.co.kr/media/catalog/product/cache/a7267a3b8c99c74f0bde248fd00edb94/7/1/712466c95d60bcf1ba9869a9ab7c85fc75fd1f68e8da9f53b54a5e0bc3272ba5.jpg,https://store.nintendo.co.kr/media/catalog/product/cache/a7267a3b8c99c74f0bde248fd00edb94/b/f/bfd1a226798e79e44d5fafd61a2d8a693f0f660fd29d91a4d45c82e7a7498fef.jpg,https://store.nintendo.co.kr/media/catalog/product/cache/a7267a3b8c99c74f0bde248fd00edb94/e/2/e2fb9619a4266f34fd9210d489ad8f8328d02ec2ad4c517fe4d90eb8abd6aa49.jpg,https://store.nintendo.co.kr/media/catalog/product/cache/a7267a3b8c99c74f0bde248fd00edb94/a/5/a5f8b63a5934a551fe8451e2f330de847700a15d4b784a69f3a9a6b3721d44d3.jpg,https://store.nintendo.co.kr/media/catalog/product/cache/a7267a3b8c99c74f0bde248fd00edb94/5/0/504fe2eac9909e4ff451931d68bae204ea6a653651b98d1b2da11aad4ddf9829.jpg","액션,파티,보드,커뮤니케이션",switch
https://store.nintendo.co.kr/70010000089729,Sailing the winds,2024-11-21,https://store.nintendo.co.kr/media/catalog/product/cache/a7267a3b8c99c74f0bde248fd00edb94/d/5/d57fc09f1bfde24396e0c11dfc5eb75954233e944c4c57abe59b21aed9bc9f4d.jpg,"예약구입 상품입니다.

아름다운 군도에서 펼쳐지는 몰입감 넘치는 낚시 모험에 빠져보세요!
흥미진진한 모험 게임으로, 탐색, 낚시, 미스터리 해결 요소가 결합되어 있습니다. 당신은 친구의 실종된 아버지를 찾는 모험가 역할을 합니다. 게임은 한때 해적들이 차지했던 군도에서 진행되며, 각 섬은 고유의 이야기와 미스터리를 가지고 있습니다.

군도를 여행하며 섬, 동굴, 난파선을 탐험하세요. 각 물체는 독특한 이야기를 가지고 있으며, 귀중한 유물이나 다양한 미스터리에 대한 해결책으로 이어질 수 있습니다. 낚시는 게임의 주요 요소 중 하나입니다. 고전적인 낚시 외에도, 플레이어는 수중 보물과 고대 유물을 찾을 수 있습니다. 각 물고기는 고유의 서식지를 가지고 있으며, 특정 종류의 물고기가 잡히면 그 지역이 지도에 표시됩니다.

게임의 주인공은 친구의 아버지를 찾는 데 도움을 주고 있습니다. 그러나 줄거리는 처음 생각보다 훨씬 더 복잡합니다. 당신은 많은 이색적인 캐릭터를 만나고, 반전이 가득한 흥미로운 이야기를 경험하게 될 것입니다.",Sailing the winds,Patyuk Sergey,"https://store.nintendo.co.kr/media/catalog/product/cache/a7267a3b8c99c74f0bde248fd00edb94/d/5/d57fc09f1bfde24396e0c11dfc5eb75954233e944c4c57abe59b21aed9bc9f4d.jpg,https://store.nintendo.co.kr/media/catalog/product/cache/a7267a3b8c99c74f0bde248fd00edb94/c/c/cc74b271094e2b67db8084f05d56508fec5b2ea1665b0a86c0d4003e05845a3f.jpg,https://store.nintendo.co.kr/media/catalog/product/cache/a7267a3b8c99c74f0bde248fd00edb94/b/0/b01247ca49a6af329bac9e85baad53d5c5b4b828aafff3e7ecfd56a67ca10ddc.jpg,https://store.nintendo.co.kr/media/catalog/product/cache/a7267a3b8c99c74f0bde248fd00edb94/0/0/00fe49f7e7d5094702c4bf7ea74a3f516b98d04ea4e955d7e4424e4b39d78212.jpg,https://store.nintendo.co.kr/media/catalog/product/cache/a7267a3b8c99c74f0bde248fd00edb94/e/7/e7edd2da4ccab70842766780806c741268ae31d99649e734ef42e360909976e9.jpg,https://store.nintendo.co.kr/media/catalog/product/cache/a7267a3b8c99c74f0bde248fd00edb94/d/5/d57fc09f1bfde24396e0c11dfc5eb75954233e944c4c57abe59b21aed9bc9f4d.jpg","어드벤처,시뮬레이션",switch
